filepath,filename,actor_id,split,true_label,true_emotion,predicted_label,predicted_emotion,confidence
/Users/prarthanapatel/Desktop/Himanshi/speech_emotion_detection-develop-v2/savee_preprocessed/audio/DC_a01.wav,DC_a01.wav,1,train,0,anger,0,anger,0.2563309371471405
/Users/prarthanapatel/Desktop/Himanshi/speech_emotion_detection-develop-v2/savee_preprocessed/audio/DC_a02.wav,DC_a02.wav,1,train,0,anger,0,anger,0.2543395757675171
/Users/prarthanapatel/Desktop/Himanshi/speech_emotion_detection-develop-v2/savee_preprocessed/audio/DC_a03.wav,DC_a03.wav,1,train,0,anger,0,anger,0.2360682487487793
/Users/prarthanapatel/Desktop/Himanshi/speech_emotion_detection-develop-v2/savee_preprocessed/audio/DC_a04.wav,DC_a04.wav,1,train,0,anger,3,happiness,0.23097451031208038
/Users/prarthanapatel/Desktop/Himanshi/speech_emotion_detection-develop-v2/savee_preprocessed/audio/DC_a05.wav,DC_a05.wav,1,train,0,anger,3,happiness,0.24152077734470367
/Users/prarthanapatel/Desktop/Himanshi/speech_emotion_detection-develop-v2/savee_preprocessed/audio/DC_a06.wav,DC_a06.wav,1,train,0,anger,3,happiness,0.24317021667957306
/Users/prarthanapatel/Desktop/Himanshi/speech_emotion_detection-develop-v2/savee_preprocessed/audio/DC_a07.wav,DC_a07.wav,1,train,0,anger,0,anger,0.2397429347038269
/Users/prarthanapatel/Desktop/Himanshi/speech_emotion_detection-develop-v2/savee_preprocessed/audio/DC_a08.wav,DC_a08.wav,1,train,0,anger,6,surprise,0.29194316267967224
/Users/prarthanapatel/Desktop/Himanshi/speech_emotion_detection-develop-v2/savee_preprocessed/audio/DC_a09.wav,DC_a09.wav,1,train,0,anger,3,happiness,0.23766091465950012
/Users/prarthanapatel/Desktop/Himanshi/speech_emotion_detection-develop-v2/savee_preprocessed/audio/DC_a10.wav,DC_a10.wav,1,train,0,anger,6,surprise,0.23221617937088013
/Users/prarthanapatel/Desktop/Himanshi/speech_emotion_detection-develop-v2/savee_preprocessed/audio/DC_a11.wav,DC_a11.wav,1,train,0,anger,0,anger,0.22506919503211975
/Users/prarthanapatel/Desktop/Himanshi/speech_emotion_detection-develop-v2/savee_preprocessed/audio/DC_a12.wav,DC_a12.wav,1,train,0,anger,6,surprise,0.2547611892223358
/Users/prarthanapatel/Desktop/Himanshi/speech_emotion_detection-develop-v2/savee_preprocessed/audio/DC_a13.wav,DC_a13.wav,1,train,0,anger,6,surprise,0.24822521209716797
/Users/prarthanapatel/Desktop/Himanshi/speech_emotion_detection-develop-v2/savee_preprocessed/audio/DC_a14.wav,DC_a14.wav,1,train,0,anger,0,anger,0.24261213839054108
/Users/prarthanapatel/Desktop/Himanshi/speech_emotion_detection-develop-v2/savee_preprocessed/audio/DC_a15.wav,DC_a15.wav,1,train,0,anger,0,anger,0.264753520488739
/Users/prarthanapatel/Desktop/Himanshi/speech_emotion_detection-develop-v2/savee_preprocessed/audio/DC_d01.wav,DC_d01.wav,1,train,1,disgust,1,disgust,0.30823028087615967
/Users/prarthanapatel/Desktop/Himanshi/speech_emotion_detection-develop-v2/savee_preprocessed/audio/DC_d02.wav,DC_d02.wav,1,train,1,disgust,1,disgust,0.30122435092926025
/Users/prarthanapatel/Desktop/Himanshi/speech_emotion_detection-develop-v2/savee_preprocessed/audio/DC_d03.wav,DC_d03.wav,1,train,1,disgust,4,neutral,0.4240674376487732
/Users/prarthanapatel/Desktop/Himanshi/speech_emotion_detection-develop-v2/savee_preprocessed/audio/DC_d04.wav,DC_d04.wav,1,train,1,disgust,1,disgust,0.2538999021053314
/Users/prarthanapatel/Desktop/Himanshi/speech_emotion_detection-develop-v2/savee_preprocessed/audio/DC_d05.wav,DC_d05.wav,1,train,1,disgust,5,sadness,0.29147055745124817
/Users/prarthanapatel/Desktop/Himanshi/speech_emotion_detection-develop-v2/savee_preprocessed/audio/DC_d06.wav,DC_d06.wav,1,train,1,disgust,4,neutral,0.47622039914131165
/Users/prarthanapatel/Desktop/Himanshi/speech_emotion_detection-develop-v2/savee_preprocessed/audio/DC_d07.wav,DC_d07.wav,1,train,1,disgust,1,disgust,0.2860602140426636
/Users/prarthanapatel/Desktop/Himanshi/speech_emotion_detection-develop-v2/savee_preprocessed/audio/DC_d08.wav,DC_d08.wav,1,train,1,disgust,1,disgust,0.30291467905044556
/Users/prarthanapatel/Desktop/Himanshi/speech_emotion_detection-develop-v2/savee_preprocessed/audio/DC_d09.wav,DC_d09.wav,1,train,1,disgust,5,sadness,0.32710981369018555
/Users/prarthanapatel/Desktop/Himanshi/speech_emotion_detection-develop-v2/savee_preprocessed/audio/DC_d10.wav,DC_d10.wav,1,train,1,disgust,5,sadness,0.2947980463504791
/Users/prarthanapatel/Desktop/Himanshi/speech_emotion_detection-develop-v2/savee_preprocessed/audio/DC_d11.wav,DC_d11.wav,1,train,1,disgust,1,disgust,0.2795390784740448
/Users/prarthanapatel/Desktop/Himanshi/speech_emotion_detection-develop-v2/savee_preprocessed/audio/DC_d12.wav,DC_d12.wav,1,train,1,disgust,1,disgust,0.321284681558609
/Users/prarthanapatel/Desktop/Himanshi/speech_emotion_detection-develop-v2/savee_preprocessed/audio/DC_d13.wav,DC_d13.wav,1,train,1,disgust,1,disgust,0.3081252872943878
/Users/prarthanapatel/Desktop/Himanshi/speech_emotion_detection-develop-v2/savee_preprocessed/audio/DC_d14.wav,DC_d14.wav,1,train,1,disgust,5,sadness,0.30067649483680725
/Users/prarthanapatel/Desktop/Himanshi/speech_emotion_detection-develop-v2/savee_preprocessed/audio/DC_d15.wav,DC_d15.wav,1,train,1,disgust,1,disgust,0.2659517526626587
/Users/prarthanapatel/Desktop/Himanshi/speech_emotion_detection-develop-v2/savee_preprocessed/audio/DC_f01.wav,DC_f01.wav,1,train,2,fear,2,fear,0.2956838309764862
/Users/prarthanapatel/Desktop/Himanshi/speech_emotion_detection-develop-v2/savee_preprocessed/audio/DC_f02.wav,DC_f02.wav,1,train,2,fear,2,fear,0.2851039469242096
/Users/prarthanapatel/Desktop/Himanshi/speech_emotion_detection-develop-v2/savee_preprocessed/audio/DC_f03.wav,DC_f03.wav,1,train,2,fear,2,fear,0.2503165006637573
/Users/prarthanapatel/Desktop/Himanshi/speech_emotion_detection-develop-v2/savee_preprocessed/audio/DC_f04.wav,DC_f04.wav,1,train,2,fear,2,fear,0.2967984974384308
/Users/prarthanapatel/Desktop/Himanshi/speech_emotion_detection-develop-v2/savee_preprocessed/audio/DC_f05.wav,DC_f05.wav,1,train,2,fear,2,fear,0.29991576075553894
/Users/prarthanapatel/Desktop/Himanshi/speech_emotion_detection-develop-v2/savee_preprocessed/audio/DC_f06.wav,DC_f06.wav,1,train,2,fear,2,fear,0.29500025510787964
/Users/prarthanapatel/Desktop/Himanshi/speech_emotion_detection-develop-v2/savee_preprocessed/audio/DC_f07.wav,DC_f07.wav,1,train,2,fear,2,fear,0.2881132960319519
/Users/prarthanapatel/Desktop/Himanshi/speech_emotion_detection-develop-v2/savee_preprocessed/audio/DC_f08.wav,DC_f08.wav,1,train,2,fear,2,fear,0.2826324999332428
/Users/prarthanapatel/Desktop/Himanshi/speech_emotion_detection-develop-v2/savee_preprocessed/audio/DC_f09.wav,DC_f09.wav,1,train,2,fear,2,fear,0.28329983353614807
/Users/prarthanapatel/Desktop/Himanshi/speech_emotion_detection-develop-v2/savee_preprocessed/audio/DC_f10.wav,DC_f10.wav,1,train,2,fear,2,fear,0.28938794136047363
/Users/prarthanapatel/Desktop/Himanshi/speech_emotion_detection-develop-v2/savee_preprocessed/audio/DC_f11.wav,DC_f11.wav,1,train,2,fear,2,fear,0.2704976201057434
/Users/prarthanapatel/Desktop/Himanshi/speech_emotion_detection-develop-v2/savee_preprocessed/audio/DC_f12.wav,DC_f12.wav,1,train,2,fear,2,fear,0.2764474153518677
/Users/prarthanapatel/Desktop/Himanshi/speech_emotion_detection-develop-v2/savee_preprocessed/audio/DC_f13.wav,DC_f13.wav,1,train,2,fear,6,surprise,0.2870756685733795
/Users/prarthanapatel/Desktop/Himanshi/speech_emotion_detection-develop-v2/savee_preprocessed/audio/DC_f14.wav,DC_f14.wav,1,train,2,fear,2,fear,0.28336775302886963
/Users/prarthanapatel/Desktop/Himanshi/speech_emotion_detection-develop-v2/savee_preprocessed/audio/DC_f15.wav,DC_f15.wav,1,train,2,fear,2,fear,0.2835235595703125
/Users/prarthanapatel/Desktop/Himanshi/speech_emotion_detection-develop-v2/savee_preprocessed/audio/DC_h01.wav,DC_h01.wav,1,train,3,happiness,2,fear,0.2779848575592041
/Users/prarthanapatel/Desktop/Himanshi/speech_emotion_detection-develop-v2/savee_preprocessed/audio/DC_h02.wav,DC_h02.wav,1,train,3,happiness,6,surprise,0.2692829966545105
/Users/prarthanapatel/Desktop/Himanshi/speech_emotion_detection-develop-v2/savee_preprocessed/audio/DC_h03.wav,DC_h03.wav,1,train,3,happiness,2,fear,0.2835003733634949
/Users/prarthanapatel/Desktop/Himanshi/speech_emotion_detection-develop-v2/savee_preprocessed/audio/DC_h04.wav,DC_h04.wav,1,train,3,happiness,6,surprise,0.2898208796977997
/Users/prarthanapatel/Desktop/Himanshi/speech_emotion_detection-develop-v2/savee_preprocessed/audio/DC_h05.wav,DC_h05.wav,1,train,3,happiness,6,surprise,0.2901831567287445
/Users/prarthanapatel/Desktop/Himanshi/speech_emotion_detection-develop-v2/savee_preprocessed/audio/DC_h06.wav,DC_h06.wav,1,train,3,happiness,0,anger,0.24272632598876953
/Users/prarthanapatel/Desktop/Himanshi/speech_emotion_detection-develop-v2/savee_preprocessed/audio/DC_h07.wav,DC_h07.wav,1,train,3,happiness,6,surprise,0.2856050133705139
/Users/prarthanapatel/Desktop/Himanshi/speech_emotion_detection-develop-v2/savee_preprocessed/audio/DC_h08.wav,DC_h08.wav,1,train,3,happiness,3,happiness,0.23914511501789093
/Users/prarthanapatel/Desktop/Himanshi/speech_emotion_detection-develop-v2/savee_preprocessed/audio/DC_h09.wav,DC_h09.wav,1,train,3,happiness,3,happiness,0.2402140200138092
/Users/prarthanapatel/Desktop/Himanshi/speech_emotion_detection-develop-v2/savee_preprocessed/audio/DC_h10.wav,DC_h10.wav,1,train,3,happiness,3,happiness,0.24759690463542938
/Users/prarthanapatel/Desktop/Himanshi/speech_emotion_detection-develop-v2/savee_preprocessed/audio/DC_h11.wav,DC_h11.wav,1,train,3,happiness,2,fear,0.2911166250705719
/Users/prarthanapatel/Desktop/Himanshi/speech_emotion_detection-develop-v2/savee_preprocessed/audio/DC_h12.wav,DC_h12.wav,1,train,3,happiness,6,surprise,0.2744453549385071
/Users/prarthanapatel/Desktop/Himanshi/speech_emotion_detection-develop-v2/savee_preprocessed/audio/DC_h13.wav,DC_h13.wav,1,train,3,happiness,6,surprise,0.23065680265426636
/Users/prarthanapatel/Desktop/Himanshi/speech_emotion_detection-develop-v2/savee_preprocessed/audio/DC_h14.wav,DC_h14.wav,1,train,3,happiness,2,fear,0.2881283760070801
/Users/prarthanapatel/Desktop/Himanshi/speech_emotion_detection-develop-v2/savee_preprocessed/audio/DC_h15.wav,DC_h15.wav,1,train,3,happiness,2,fear,0.2856830060482025
/Users/prarthanapatel/Desktop/Himanshi/speech_emotion_detection-develop-v2/savee_preprocessed/audio/DC_n01.wav,DC_n01.wav,1,train,4,neutral,4,neutral,0.6115549206733704
/Users/prarthanapatel/Desktop/Himanshi/speech_emotion_detection-develop-v2/savee_preprocessed/audio/DC_n02.wav,DC_n02.wav,1,train,4,neutral,4,neutral,0.6056850552558899
/Users/prarthanapatel/Desktop/Himanshi/speech_emotion_detection-develop-v2/savee_preprocessed/audio/DC_n03.wav,DC_n03.wav,1,train,4,neutral,4,neutral,0.6100245714187622
/Users/prarthanapatel/Desktop/Himanshi/speech_emotion_detection-develop-v2/savee_preprocessed/audio/DC_n04.wav,DC_n04.wav,1,train,4,neutral,4,neutral,0.6085713505744934
/Users/prarthanapatel/Desktop/Himanshi/speech_emotion_detection-develop-v2/savee_preprocessed/audio/DC_n05.wav,DC_n05.wav,1,train,4,neutral,4,neutral,0.6096549034118652
/Users/prarthanapatel/Desktop/Himanshi/speech_emotion_detection-develop-v2/savee_preprocessed/audio/DC_n06.wav,DC_n06.wav,1,train,4,neutral,4,neutral,0.607722282409668
/Users/prarthanapatel/Desktop/Himanshi/speech_emotion_detection-develop-v2/savee_preprocessed/audio/DC_n07.wav,DC_n07.wav,1,train,4,neutral,4,neutral,0.6070369482040405
/Users/prarthanapatel/Desktop/Himanshi/speech_emotion_detection-develop-v2/savee_preprocessed/audio/DC_n08.wav,DC_n08.wav,1,train,4,neutral,4,neutral,0.601228654384613
/Users/prarthanapatel/Desktop/Himanshi/speech_emotion_detection-develop-v2/savee_preprocessed/audio/DC_n09.wav,DC_n09.wav,1,train,4,neutral,4,neutral,0.6066446304321289
/Users/prarthanapatel/Desktop/Himanshi/speech_emotion_detection-develop-v2/savee_preprocessed/audio/DC_n10.wav,DC_n10.wav,1,train,4,neutral,4,neutral,0.6079100370407104
/Users/prarthanapatel/Desktop/Himanshi/speech_emotion_detection-develop-v2/savee_preprocessed/audio/DC_n11.wav,DC_n11.wav,1,train,4,neutral,4,neutral,0.6098845601081848
/Users/prarthanapatel/Desktop/Himanshi/speech_emotion_detection-develop-v2/savee_preprocessed/audio/DC_n12.wav,DC_n12.wav,1,train,4,neutral,4,neutral,0.6029713749885559
/Users/prarthanapatel/Desktop/Himanshi/speech_emotion_detection-develop-v2/savee_preprocessed/audio/DC_n13.wav,DC_n13.wav,1,train,4,neutral,4,neutral,0.6118413209915161
/Users/prarthanapatel/Desktop/Himanshi/speech_emotion_detection-develop-v2/savee_preprocessed/audio/DC_n14.wav,DC_n14.wav,1,train,4,neutral,4,neutral,0.6073347926139832
/Users/prarthanapatel/Desktop/Himanshi/speech_emotion_detection-develop-v2/savee_preprocessed/audio/DC_n15.wav,DC_n15.wav,1,train,4,neutral,4,neutral,0.608535885810852
/Users/prarthanapatel/Desktop/Himanshi/speech_emotion_detection-develop-v2/savee_preprocessed/audio/DC_n16.wav,DC_n16.wav,1,train,4,neutral,4,neutral,0.6103516817092896
/Users/prarthanapatel/Desktop/Himanshi/speech_emotion_detection-develop-v2/savee_preprocessed/audio/DC_n17.wav,DC_n17.wav,1,train,4,neutral,4,neutral,0.6031400561332703
/Users/prarthanapatel/Desktop/Himanshi/speech_emotion_detection-develop-v2/savee_preprocessed/audio/DC_n18.wav,DC_n18.wav,1,train,4,neutral,4,neutral,0.6102622747421265
/Users/prarthanapatel/Desktop/Himanshi/speech_emotion_detection-develop-v2/savee_preprocessed/audio/DC_n19.wav,DC_n19.wav,1,train,4,neutral,4,neutral,0.6109951734542847
/Users/prarthanapatel/Desktop/Himanshi/speech_emotion_detection-develop-v2/savee_preprocessed/audio/DC_n20.wav,DC_n20.wav,1,train,4,neutral,4,neutral,0.5982749462127686
/Users/prarthanapatel/Desktop/Himanshi/speech_emotion_detection-develop-v2/savee_preprocessed/audio/DC_n21.wav,DC_n21.wav,1,train,4,neutral,4,neutral,0.6035289168357849
/Users/prarthanapatel/Desktop/Himanshi/speech_emotion_detection-develop-v2/savee_preprocessed/audio/DC_n22.wav,DC_n22.wav,1,train,4,neutral,4,neutral,0.609431266784668
/Users/prarthanapatel/Desktop/Himanshi/speech_emotion_detection-develop-v2/savee_preprocessed/audio/DC_n23.wav,DC_n23.wav,1,train,4,neutral,4,neutral,0.6056574583053589
/Users/prarthanapatel/Desktop/Himanshi/speech_emotion_detection-develop-v2/savee_preprocessed/audio/DC_n24.wav,DC_n24.wav,1,train,4,neutral,4,neutral,0.603897750377655
/Users/prarthanapatel/Desktop/Himanshi/speech_emotion_detection-develop-v2/savee_preprocessed/audio/DC_n25.wav,DC_n25.wav,1,train,4,neutral,4,neutral,0.6025087237358093
/Users/prarthanapatel/Desktop/Himanshi/speech_emotion_detection-develop-v2/savee_preprocessed/audio/DC_n26.wav,DC_n26.wav,1,train,4,neutral,4,neutral,0.6091660261154175
/Users/prarthanapatel/Desktop/Himanshi/speech_emotion_detection-develop-v2/savee_preprocessed/audio/DC_n27.wav,DC_n27.wav,1,train,4,neutral,4,neutral,0.6087321639060974
/Users/prarthanapatel/Desktop/Himanshi/speech_emotion_detection-develop-v2/savee_preprocessed/audio/DC_n28.wav,DC_n28.wav,1,train,4,neutral,4,neutral,0.6088611483573914
/Users/prarthanapatel/Desktop/Himanshi/speech_emotion_detection-develop-v2/savee_preprocessed/audio/DC_n29.wav,DC_n29.wav,1,train,4,neutral,4,neutral,0.6059840321540833
/Users/prarthanapatel/Desktop/Himanshi/speech_emotion_detection-develop-v2/savee_preprocessed/audio/DC_n30.wav,DC_n30.wav,1,train,4,neutral,4,neutral,0.612230658531189
/Users/prarthanapatel/Desktop/Himanshi/speech_emotion_detection-develop-v2/savee_preprocessed/audio/DC_sa01.wav,DC_sa01.wav,1,train,5,sadness,5,sadness,0.3092469274997711
/Users/prarthanapatel/Desktop/Himanshi/speech_emotion_detection-develop-v2/savee_preprocessed/audio/DC_sa02.wav,DC_sa02.wav,1,train,5,sadness,5,sadness,0.3226175308227539
/Users/prarthanapatel/Desktop/Himanshi/speech_emotion_detection-develop-v2/savee_preprocessed/audio/DC_sa03.wav,DC_sa03.wav,1,train,5,sadness,5,sadness,0.3250218331813812
/Users/prarthanapatel/Desktop/Himanshi/speech_emotion_detection-develop-v2/savee_preprocessed/audio/DC_sa04.wav,DC_sa04.wav,1,train,5,sadness,5,sadness,0.32992249727249146
/Users/prarthanapatel/Desktop/Himanshi/speech_emotion_detection-develop-v2/savee_preprocessed/audio/DC_sa05.wav,DC_sa05.wav,1,train,5,sadness,5,sadness,0.3317487835884094
/Users/prarthanapatel/Desktop/Himanshi/speech_emotion_detection-develop-v2/savee_preprocessed/audio/DC_sa06.wav,DC_sa06.wav,1,train,5,sadness,5,sadness,0.3328682780265808
/Users/prarthanapatel/Desktop/Himanshi/speech_emotion_detection-develop-v2/savee_preprocessed/audio/DC_sa07.wav,DC_sa07.wav,1,train,5,sadness,5,sadness,0.3297455608844757
/Users/prarthanapatel/Desktop/Himanshi/speech_emotion_detection-develop-v2/savee_preprocessed/audio/DC_sa08.wav,DC_sa08.wav,1,train,5,sadness,5,sadness,0.3239670991897583
/Users/prarthanapatel/Desktop/Himanshi/speech_emotion_detection-develop-v2/savee_preprocessed/audio/DC_sa09.wav,DC_sa09.wav,1,train,5,sadness,5,sadness,0.3277222514152527
/Users/prarthanapatel/Desktop/Himanshi/speech_emotion_detection-develop-v2/savee_preprocessed/audio/DC_sa10.wav,DC_sa10.wav,1,train,5,sadness,5,sadness,0.29698076844215393
/Users/prarthanapatel/Desktop/Himanshi/speech_emotion_detection-develop-v2/savee_preprocessed/audio/DC_sa11.wav,DC_sa11.wav,1,train,5,sadness,5,sadness,0.33543601632118225
/Users/prarthanapatel/Desktop/Himanshi/speech_emotion_detection-develop-v2/savee_preprocessed/audio/DC_sa12.wav,DC_sa12.wav,1,train,5,sadness,5,sadness,0.3319617807865143
/Users/prarthanapatel/Desktop/Himanshi/speech_emotion_detection-develop-v2/savee_preprocessed/audio/DC_sa13.wav,DC_sa13.wav,1,train,5,sadness,5,sadness,0.3369448184967041
/Users/prarthanapatel/Desktop/Himanshi/speech_emotion_detection-develop-v2/savee_preprocessed/audio/DC_sa14.wav,DC_sa14.wav,1,train,5,sadness,5,sadness,0.3257455825805664
/Users/prarthanapatel/Desktop/Himanshi/speech_emotion_detection-develop-v2/savee_preprocessed/audio/DC_sa15.wav,DC_sa15.wav,1,train,5,sadness,5,sadness,0.33252769708633423
/Users/prarthanapatel/Desktop/Himanshi/speech_emotion_detection-develop-v2/savee_preprocessed/audio/DC_su01.wav,DC_su01.wav,1,train,6,surprise,2,fear,0.29180198907852173
/Users/prarthanapatel/Desktop/Himanshi/speech_emotion_detection-develop-v2/savee_preprocessed/audio/DC_su02.wav,DC_su02.wav,1,train,6,surprise,2,fear,0.29528605937957764
/Users/prarthanapatel/Desktop/Himanshi/speech_emotion_detection-develop-v2/savee_preprocessed/audio/DC_su03.wav,DC_su03.wav,1,train,6,surprise,2,fear,0.26466235518455505
/Users/prarthanapatel/Desktop/Himanshi/speech_emotion_detection-develop-v2/savee_preprocessed/audio/DC_su04.wav,DC_su04.wav,1,train,6,surprise,2,fear,0.2949977219104767
/Users/prarthanapatel/Desktop/Himanshi/speech_emotion_detection-develop-v2/savee_preprocessed/audio/DC_su05.wav,DC_su05.wav,1,train,6,surprise,2,fear,0.29492416977882385
/Users/prarthanapatel/Desktop/Himanshi/speech_emotion_detection-develop-v2/savee_preprocessed/audio/DC_su06.wav,DC_su06.wav,1,train,6,surprise,2,fear,0.2804102897644043
/Users/prarthanapatel/Desktop/Himanshi/speech_emotion_detection-develop-v2/savee_preprocessed/audio/DC_su07.wav,DC_su07.wav,1,train,6,surprise,2,fear,0.28131303191185
/Users/prarthanapatel/Desktop/Himanshi/speech_emotion_detection-develop-v2/savee_preprocessed/audio/DC_su08.wav,DC_su08.wav,1,train,6,surprise,2,fear,0.29091525077819824
/Users/prarthanapatel/Desktop/Himanshi/speech_emotion_detection-develop-v2/savee_preprocessed/audio/DC_su09.wav,DC_su09.wav,1,train,6,surprise,2,fear,0.2892919182777405
/Users/prarthanapatel/Desktop/Himanshi/speech_emotion_detection-develop-v2/savee_preprocessed/audio/DC_su10.wav,DC_su10.wav,1,train,6,surprise,6,surprise,0.2795122563838959
/Users/prarthanapatel/Desktop/Himanshi/speech_emotion_detection-develop-v2/savee_preprocessed/audio/DC_su11.wav,DC_su11.wav,1,train,6,surprise,2,fear,0.3023488223552704
/Users/prarthanapatel/Desktop/Himanshi/speech_emotion_detection-develop-v2/savee_preprocessed/audio/DC_su12.wav,DC_su12.wav,1,train,6,surprise,2,fear,0.28913605213165283
/Users/prarthanapatel/Desktop/Himanshi/speech_emotion_detection-develop-v2/savee_preprocessed/audio/DC_su13.wav,DC_su13.wav,1,train,6,surprise,2,fear,0.28372660279273987
/Users/prarthanapatel/Desktop/Himanshi/speech_emotion_detection-develop-v2/savee_preprocessed/audio/DC_su14.wav,DC_su14.wav,1,train,6,surprise,2,fear,0.28220269083976746
/Users/prarthanapatel/Desktop/Himanshi/speech_emotion_detection-develop-v2/savee_preprocessed/audio/DC_su15.wav,DC_su15.wav,1,train,6,surprise,2,fear,0.2889275550842285
/Users/prarthanapatel/Desktop/Himanshi/speech_emotion_detection-develop-v2/savee_preprocessed/audio/JE_a01.wav,JE_a01.wav,2,train,0,anger,3,happiness,0.23732881247997284
/Users/prarthanapatel/Desktop/Himanshi/speech_emotion_detection-develop-v2/savee_preprocessed/audio/JE_a02.wav,JE_a02.wav,2,train,0,anger,0,anger,0.25951746106147766
/Users/prarthanapatel/Desktop/Himanshi/speech_emotion_detection-develop-v2/savee_preprocessed/audio/JE_a03.wav,JE_a03.wav,2,train,0,anger,0,anger,0.2537029981613159
/Users/prarthanapatel/Desktop/Himanshi/speech_emotion_detection-develop-v2/savee_preprocessed/audio/JE_a04.wav,JE_a04.wav,2,train,0,anger,3,happiness,0.23034989833831787
/Users/prarthanapatel/Desktop/Himanshi/speech_emotion_detection-develop-v2/savee_preprocessed/audio/JE_a05.wav,JE_a05.wav,2,train,0,anger,0,anger,0.2497313767671585
/Users/prarthanapatel/Desktop/Himanshi/speech_emotion_detection-develop-v2/savee_preprocessed/audio/JE_a06.wav,JE_a06.wav,2,train,0,anger,0,anger,0.2776368260383606
/Users/prarthanapatel/Desktop/Himanshi/speech_emotion_detection-develop-v2/savee_preprocessed/audio/JE_a07.wav,JE_a07.wav,2,train,0,anger,0,anger,0.25838613510131836
/Users/prarthanapatel/Desktop/Himanshi/speech_emotion_detection-develop-v2/savee_preprocessed/audio/JE_a08.wav,JE_a08.wav,2,train,0,anger,0,anger,0.2407217174768448
/Users/prarthanapatel/Desktop/Himanshi/speech_emotion_detection-develop-v2/savee_preprocessed/audio/JE_a09.wav,JE_a09.wav,2,train,0,anger,0,anger,0.26154232025146484
/Users/prarthanapatel/Desktop/Himanshi/speech_emotion_detection-develop-v2/savee_preprocessed/audio/JE_a10.wav,JE_a10.wav,2,train,0,anger,0,anger,0.261144757270813
/Users/prarthanapatel/Desktop/Himanshi/speech_emotion_detection-develop-v2/savee_preprocessed/audio/JE_a11.wav,JE_a11.wav,2,train,0,anger,0,anger,0.26644769310951233
/Users/prarthanapatel/Desktop/Himanshi/speech_emotion_detection-develop-v2/savee_preprocessed/audio/JE_a12.wav,JE_a12.wav,2,train,0,anger,0,anger,0.2769604027271271
/Users/prarthanapatel/Desktop/Himanshi/speech_emotion_detection-develop-v2/savee_preprocessed/audio/JE_a13.wav,JE_a13.wav,2,train,0,anger,0,anger,0.26097187399864197
/Users/prarthanapatel/Desktop/Himanshi/speech_emotion_detection-develop-v2/savee_preprocessed/audio/JE_a14.wav,JE_a14.wav,2,train,0,anger,0,anger,0.25466158986091614
/Users/prarthanapatel/Desktop/Himanshi/speech_emotion_detection-develop-v2/savee_preprocessed/audio/JE_a15.wav,JE_a15.wav,2,train,0,anger,0,anger,0.2544586956501007
/Users/prarthanapatel/Desktop/Himanshi/speech_emotion_detection-develop-v2/savee_preprocessed/audio/JE_d01.wav,JE_d01.wav,2,train,1,disgust,1,disgust,0.28997763991355896
/Users/prarthanapatel/Desktop/Himanshi/speech_emotion_detection-develop-v2/savee_preprocessed/audio/JE_d02.wav,JE_d02.wav,2,train,1,disgust,1,disgust,0.32804709672927856
/Users/prarthanapatel/Desktop/Himanshi/speech_emotion_detection-develop-v2/savee_preprocessed/audio/JE_d03.wav,JE_d03.wav,2,train,1,disgust,5,sadness,0.3096484839916229
/Users/prarthanapatel/Desktop/Himanshi/speech_emotion_detection-develop-v2/savee_preprocessed/audio/JE_d04.wav,JE_d04.wav,2,train,1,disgust,1,disgust,0.26076221466064453
/Users/prarthanapatel/Desktop/Himanshi/speech_emotion_detection-develop-v2/savee_preprocessed/audio/JE_d05.wav,JE_d05.wav,2,train,1,disgust,2,fear,0.2730359435081482
/Users/prarthanapatel/Desktop/Himanshi/speech_emotion_detection-develop-v2/savee_preprocessed/audio/JE_d06.wav,JE_d06.wav,2,train,1,disgust,1,disgust,0.3223119080066681
/Users/prarthanapatel/Desktop/Himanshi/speech_emotion_detection-develop-v2/savee_preprocessed/audio/JE_d07.wav,JE_d07.wav,2,train,1,disgust,1,disgust,0.3122034966945648
/Users/prarthanapatel/Desktop/Himanshi/speech_emotion_detection-develop-v2/savee_preprocessed/audio/JE_d08.wav,JE_d08.wav,2,train,1,disgust,1,disgust,0.3194674551486969
/Users/prarthanapatel/Desktop/Himanshi/speech_emotion_detection-develop-v2/savee_preprocessed/audio/JE_d09.wav,JE_d09.wav,2,train,1,disgust,1,disgust,0.31234660744667053
/Users/prarthanapatel/Desktop/Himanshi/speech_emotion_detection-develop-v2/savee_preprocessed/audio/JE_d10.wav,JE_d10.wav,2,train,1,disgust,1,disgust,0.29358330368995667
/Users/prarthanapatel/Desktop/Himanshi/speech_emotion_detection-develop-v2/savee_preprocessed/audio/JE_d11.wav,JE_d11.wav,2,train,1,disgust,1,disgust,0.27704331278800964
/Users/prarthanapatel/Desktop/Himanshi/speech_emotion_detection-develop-v2/savee_preprocessed/audio/JE_d12.wav,JE_d12.wav,2,train,1,disgust,4,neutral,0.5160950422286987
/Users/prarthanapatel/Desktop/Himanshi/speech_emotion_detection-develop-v2/savee_preprocessed/audio/JE_d13.wav,JE_d13.wav,2,train,1,disgust,1,disgust,0.3142753839492798
/Users/prarthanapatel/Desktop/Himanshi/speech_emotion_detection-develop-v2/savee_preprocessed/audio/JE_d14.wav,JE_d14.wav,2,train,1,disgust,1,disgust,0.3092292249202728
/Users/prarthanapatel/Desktop/Himanshi/speech_emotion_detection-develop-v2/savee_preprocessed/audio/JE_d15.wav,JE_d15.wav,2,train,1,disgust,1,disgust,0.30428346991539
/Users/prarthanapatel/Desktop/Himanshi/speech_emotion_detection-develop-v2/savee_preprocessed/audio/JE_f01.wav,JE_f01.wav,2,train,2,fear,2,fear,0.2918711006641388
/Users/prarthanapatel/Desktop/Himanshi/speech_emotion_detection-develop-v2/savee_preprocessed/audio/JE_f02.wav,JE_f02.wav,2,train,2,fear,2,fear,0.2920333445072174
/Users/prarthanapatel/Desktop/Himanshi/speech_emotion_detection-develop-v2/savee_preprocessed/audio/JE_f03.wav,JE_f03.wav,2,train,2,fear,2,fear,0.2704198360443115
/Users/prarthanapatel/Desktop/Himanshi/speech_emotion_detection-develop-v2/savee_preprocessed/audio/JE_f04.wav,JE_f04.wav,2,train,2,fear,2,fear,0.2879129648208618
/Users/prarthanapatel/Desktop/Himanshi/speech_emotion_detection-develop-v2/savee_preprocessed/audio/JE_f05.wav,JE_f05.wav,2,train,2,fear,2,fear,0.2893402874469757
/Users/prarthanapatel/Desktop/Himanshi/speech_emotion_detection-develop-v2/savee_preprocessed/audio/JE_f06.wav,JE_f06.wav,2,train,2,fear,2,fear,0.29384416341781616
/Users/prarthanapatel/Desktop/Himanshi/speech_emotion_detection-develop-v2/savee_preprocessed/audio/JE_f07.wav,JE_f07.wav,2,train,2,fear,2,fear,0.29371169209480286
/Users/prarthanapatel/Desktop/Himanshi/speech_emotion_detection-develop-v2/savee_preprocessed/audio/JE_f08.wav,JE_f08.wav,2,train,2,fear,2,fear,0.27977240085601807
/Users/prarthanapatel/Desktop/Himanshi/speech_emotion_detection-develop-v2/savee_preprocessed/audio/JE_f09.wav,JE_f09.wav,2,train,2,fear,2,fear,0.27769359946250916
/Users/prarthanapatel/Desktop/Himanshi/speech_emotion_detection-develop-v2/savee_preprocessed/audio/JE_f10.wav,JE_f10.wav,2,train,2,fear,2,fear,0.25746122002601624
/Users/prarthanapatel/Desktop/Himanshi/speech_emotion_detection-develop-v2/savee_preprocessed/audio/JE_f11.wav,JE_f11.wav,2,train,2,fear,2,fear,0.27809789776802063
/Users/prarthanapatel/Desktop/Himanshi/speech_emotion_detection-develop-v2/savee_preprocessed/audio/JE_f12.wav,JE_f12.wav,2,train,2,fear,2,fear,0.28000178933143616
/Users/prarthanapatel/Desktop/Himanshi/speech_emotion_detection-develop-v2/savee_preprocessed/audio/JE_f13.wav,JE_f13.wav,2,train,2,fear,2,fear,0.3018271028995514
/Users/prarthanapatel/Desktop/Himanshi/speech_emotion_detection-develop-v2/savee_preprocessed/audio/JE_f14.wav,JE_f14.wav,2,train,2,fear,2,fear,0.28277257084846497
/Users/prarthanapatel/Desktop/Himanshi/speech_emotion_detection-develop-v2/savee_preprocessed/audio/JE_f15.wav,JE_f15.wav,2,train,2,fear,2,fear,0.27333587408065796
/Users/prarthanapatel/Desktop/Himanshi/speech_emotion_detection-develop-v2/savee_preprocessed/audio/JE_h01.wav,JE_h01.wav,2,train,3,happiness,6,surprise,0.26431804895401
/Users/prarthanapatel/Desktop/Himanshi/speech_emotion_detection-develop-v2/savee_preprocessed/audio/JE_h02.wav,JE_h02.wav,2,train,3,happiness,2,fear,0.2783491611480713
/Users/prarthanapatel/Desktop/Himanshi/speech_emotion_detection-develop-v2/savee_preprocessed/audio/JE_h03.wav,JE_h03.wav,2,train,3,happiness,2,fear,0.27767103910446167
/Users/prarthanapatel/Desktop/Himanshi/speech_emotion_detection-develop-v2/savee_preprocessed/audio/JE_h04.wav,JE_h04.wav,2,train,3,happiness,2,fear,0.2802523672580719
/Users/prarthanapatel/Desktop/Himanshi/speech_emotion_detection-develop-v2/savee_preprocessed/audio/JE_h05.wav,JE_h05.wav,2,train,3,happiness,6,surprise,0.25491204857826233
/Users/prarthanapatel/Desktop/Himanshi/speech_emotion_detection-develop-v2/savee_preprocessed/audio/JE_h06.wav,JE_h06.wav,2,train,3,happiness,6,surprise,0.27870601415634155
/Users/prarthanapatel/Desktop/Himanshi/speech_emotion_detection-develop-v2/savee_preprocessed/audio/JE_h07.wav,JE_h07.wav,2,train,3,happiness,2,fear,0.28632938861846924
/Users/prarthanapatel/Desktop/Himanshi/speech_emotion_detection-develop-v2/savee_preprocessed/audio/JE_h08.wav,JE_h08.wav,2,train,3,happiness,2,fear,0.28645461797714233
/Users/prarthanapatel/Desktop/Himanshi/speech_emotion_detection-develop-v2/savee_preprocessed/audio/JE_h09.wav,JE_h09.wav,2,train,3,happiness,2,fear,0.28009742498397827
/Users/prarthanapatel/Desktop/Himanshi/speech_emotion_detection-develop-v2/savee_preprocessed/audio/JE_h10.wav,JE_h10.wav,2,train,3,happiness,2,fear,0.28160932660102844
/Users/prarthanapatel/Desktop/Himanshi/speech_emotion_detection-develop-v2/savee_preprocessed/audio/JE_h11.wav,JE_h11.wav,2,train,3,happiness,6,surprise,0.27512326836586
/Users/prarthanapatel/Desktop/Himanshi/speech_emotion_detection-develop-v2/savee_preprocessed/audio/JE_h12.wav,JE_h12.wav,2,train,3,happiness,6,surprise,0.23776273429393768
/Users/prarthanapatel/Desktop/Himanshi/speech_emotion_detection-develop-v2/savee_preprocessed/audio/JE_h13.wav,JE_h13.wav,2,train,3,happiness,6,surprise,0.26670899987220764
/Users/prarthanapatel/Desktop/Himanshi/speech_emotion_detection-develop-v2/savee_preprocessed/audio/JE_h14.wav,JE_h14.wav,2,train,3,happiness,6,surprise,0.24110765755176544
/Users/prarthanapatel/Desktop/Himanshi/speech_emotion_detection-develop-v2/savee_preprocessed/audio/JE_h15.wav,JE_h15.wav,2,train,3,happiness,3,happiness,0.23451171815395355
/Users/prarthanapatel/Desktop/Himanshi/speech_emotion_detection-develop-v2/savee_preprocessed/audio/JE_n01.wav,JE_n01.wav,2,train,4,neutral,4,neutral,0.6034006476402283
/Users/prarthanapatel/Desktop/Himanshi/speech_emotion_detection-develop-v2/savee_preprocessed/audio/JE_n02.wav,JE_n02.wav,2,train,4,neutral,4,neutral,0.6093733906745911
/Users/prarthanapatel/Desktop/Himanshi/speech_emotion_detection-develop-v2/savee_preprocessed/audio/JE_n03.wav,JE_n03.wav,2,train,4,neutral,4,neutral,0.6127516031265259
/Users/prarthanapatel/Desktop/Himanshi/speech_emotion_detection-develop-v2/savee_preprocessed/audio/JE_n04.wav,JE_n04.wav,2,train,4,neutral,4,neutral,0.6079956889152527
/Users/prarthanapatel/Desktop/Himanshi/speech_emotion_detection-develop-v2/savee_preprocessed/audio/JE_n05.wav,JE_n05.wav,2,train,4,neutral,4,neutral,0.6072052717208862
/Users/prarthanapatel/Desktop/Himanshi/speech_emotion_detection-develop-v2/savee_preprocessed/audio/JE_n06.wav,JE_n06.wav,2,train,4,neutral,4,neutral,0.6062600612640381
/Users/prarthanapatel/Desktop/Himanshi/speech_emotion_detection-develop-v2/savee_preprocessed/audio/JE_n07.wav,JE_n07.wav,2,train,4,neutral,4,neutral,0.6090189814567566
/Users/prarthanapatel/Desktop/Himanshi/speech_emotion_detection-develop-v2/savee_preprocessed/audio/JE_n08.wav,JE_n08.wav,2,train,4,neutral,4,neutral,0.6055580377578735
/Users/prarthanapatel/Desktop/Himanshi/speech_emotion_detection-develop-v2/savee_preprocessed/audio/JE_n09.wav,JE_n09.wav,2,train,4,neutral,4,neutral,0.6065583229064941
/Users/prarthanapatel/Desktop/Himanshi/speech_emotion_detection-develop-v2/savee_preprocessed/audio/JE_n10.wav,JE_n10.wav,2,train,4,neutral,4,neutral,0.6069016456604004
/Users/prarthanapatel/Desktop/Himanshi/speech_emotion_detection-develop-v2/savee_preprocessed/audio/JE_n11.wav,JE_n11.wav,2,train,4,neutral,4,neutral,0.6128092408180237
/Users/prarthanapatel/Desktop/Himanshi/speech_emotion_detection-develop-v2/savee_preprocessed/audio/JE_n12.wav,JE_n12.wav,2,train,4,neutral,4,neutral,0.6047711968421936
/Users/prarthanapatel/Desktop/Himanshi/speech_emotion_detection-develop-v2/savee_preprocessed/audio/JE_n13.wav,JE_n13.wav,2,train,4,neutral,4,neutral,0.6114296317100525
/Users/prarthanapatel/Desktop/Himanshi/speech_emotion_detection-develop-v2/savee_preprocessed/audio/JE_n14.wav,JE_n14.wav,2,train,4,neutral,4,neutral,0.6115645170211792
/Users/prarthanapatel/Desktop/Himanshi/speech_emotion_detection-develop-v2/savee_preprocessed/audio/JE_n15.wav,JE_n15.wav,2,train,4,neutral,4,neutral,0.6086868643760681
/Users/prarthanapatel/Desktop/Himanshi/speech_emotion_detection-develop-v2/savee_preprocessed/audio/JE_n16.wav,JE_n16.wav,2,train,4,neutral,4,neutral,0.6108216047286987
/Users/prarthanapatel/Desktop/Himanshi/speech_emotion_detection-develop-v2/savee_preprocessed/audio/JE_n17.wav,JE_n17.wav,2,train,4,neutral,4,neutral,0.6108490228652954
/Users/prarthanapatel/Desktop/Himanshi/speech_emotion_detection-develop-v2/savee_preprocessed/audio/JE_n18.wav,JE_n18.wav,2,train,4,neutral,4,neutral,0.6097626686096191
/Users/prarthanapatel/Desktop/Himanshi/speech_emotion_detection-develop-v2/savee_preprocessed/audio/JE_n19.wav,JE_n19.wav,2,train,4,neutral,4,neutral,0.6088547110557556
/Users/prarthanapatel/Desktop/Himanshi/speech_emotion_detection-develop-v2/savee_preprocessed/audio/JE_n20.wav,JE_n20.wav,2,train,4,neutral,4,neutral,0.6117270588874817
/Users/prarthanapatel/Desktop/Himanshi/speech_emotion_detection-develop-v2/savee_preprocessed/audio/JE_n21.wav,JE_n21.wav,2,train,4,neutral,4,neutral,0.6108319759368896
/Users/prarthanapatel/Desktop/Himanshi/speech_emotion_detection-develop-v2/savee_preprocessed/audio/JE_n22.wav,JE_n22.wav,2,train,4,neutral,4,neutral,0.6046316623687744
/Users/prarthanapatel/Desktop/Himanshi/speech_emotion_detection-develop-v2/savee_preprocessed/audio/JE_n23.wav,JE_n23.wav,2,train,4,neutral,4,neutral,0.6114737391471863
/Users/prarthanapatel/Desktop/Himanshi/speech_emotion_detection-develop-v2/savee_preprocessed/audio/JE_n24.wav,JE_n24.wav,2,train,4,neutral,4,neutral,0.611205518245697
/Users/prarthanapatel/Desktop/Himanshi/speech_emotion_detection-develop-v2/savee_preprocessed/audio/JE_n25.wav,JE_n25.wav,2,train,4,neutral,4,neutral,0.6060199737548828
/Users/prarthanapatel/Desktop/Himanshi/speech_emotion_detection-develop-v2/savee_preprocessed/audio/JE_n26.wav,JE_n26.wav,2,train,4,neutral,4,neutral,0.6119982600212097
/Users/prarthanapatel/Desktop/Himanshi/speech_emotion_detection-develop-v2/savee_preprocessed/audio/JE_n27.wav,JE_n27.wav,2,train,4,neutral,4,neutral,0.6089596748352051
/Users/prarthanapatel/Desktop/Himanshi/speech_emotion_detection-develop-v2/savee_preprocessed/audio/JE_n28.wav,JE_n28.wav,2,train,4,neutral,4,neutral,0.612422525882721
/Users/prarthanapatel/Desktop/Himanshi/speech_emotion_detection-develop-v2/savee_preprocessed/audio/JE_n29.wav,JE_n29.wav,2,train,4,neutral,4,neutral,0.6090965270996094
/Users/prarthanapatel/Desktop/Himanshi/speech_emotion_detection-develop-v2/savee_preprocessed/audio/JE_n30.wav,JE_n30.wav,2,train,4,neutral,4,neutral,0.6083296537399292
/Users/prarthanapatel/Desktop/Himanshi/speech_emotion_detection-develop-v2/savee_preprocessed/audio/JE_sa01.wav,JE_sa01.wav,2,train,5,sadness,5,sadness,0.3335734009742737
/Users/prarthanapatel/Desktop/Himanshi/speech_emotion_detection-develop-v2/savee_preprocessed/audio/JE_sa02.wav,JE_sa02.wav,2,train,5,sadness,5,sadness,0.2687191069126129
/Users/prarthanapatel/Desktop/Himanshi/speech_emotion_detection-develop-v2/savee_preprocessed/audio/JE_sa03.wav,JE_sa03.wav,2,train,5,sadness,5,sadness,0.303875207901001
/Users/prarthanapatel/Desktop/Himanshi/speech_emotion_detection-develop-v2/savee_preprocessed/audio/JE_sa04.wav,JE_sa04.wav,2,train,5,sadness,5,sadness,0.33551138639450073
/Users/prarthanapatel/Desktop/Himanshi/speech_emotion_detection-develop-v2/savee_preprocessed/audio/JE_sa05.wav,JE_sa05.wav,2,train,5,sadness,5,sadness,0.314711332321167
/Users/prarthanapatel/Desktop/Himanshi/speech_emotion_detection-develop-v2/savee_preprocessed/audio/JE_sa06.wav,JE_sa06.wav,2,train,5,sadness,5,sadness,0.31461942195892334
/Users/prarthanapatel/Desktop/Himanshi/speech_emotion_detection-develop-v2/savee_preprocessed/audio/JE_sa07.wav,JE_sa07.wav,2,train,5,sadness,5,sadness,0.2728649973869324
/Users/prarthanapatel/Desktop/Himanshi/speech_emotion_detection-develop-v2/savee_preprocessed/audio/JE_sa08.wav,JE_sa08.wav,2,train,5,sadness,5,sadness,0.32923805713653564
/Users/prarthanapatel/Desktop/Himanshi/speech_emotion_detection-develop-v2/savee_preprocessed/audio/JE_sa09.wav,JE_sa09.wav,2,train,5,sadness,5,sadness,0.32688525319099426
/Users/prarthanapatel/Desktop/Himanshi/speech_emotion_detection-develop-v2/savee_preprocessed/audio/JE_sa10.wav,JE_sa10.wav,2,train,5,sadness,5,sadness,0.3402841091156006
/Users/prarthanapatel/Desktop/Himanshi/speech_emotion_detection-develop-v2/savee_preprocessed/audio/JE_sa11.wav,JE_sa11.wav,2,train,5,sadness,5,sadness,0.3370315134525299
/Users/prarthanapatel/Desktop/Himanshi/speech_emotion_detection-develop-v2/savee_preprocessed/audio/JE_sa12.wav,JE_sa12.wav,2,train,5,sadness,5,sadness,0.27755528688430786
/Users/prarthanapatel/Desktop/Himanshi/speech_emotion_detection-develop-v2/savee_preprocessed/audio/JE_sa13.wav,JE_sa13.wav,2,train,5,sadness,5,sadness,0.336397260427475
/Users/prarthanapatel/Desktop/Himanshi/speech_emotion_detection-develop-v2/savee_preprocessed/audio/JE_sa14.wav,JE_sa14.wav,2,train,5,sadness,5,sadness,0.3355761766433716
/Users/prarthanapatel/Desktop/Himanshi/speech_emotion_detection-develop-v2/savee_preprocessed/audio/JE_sa15.wav,JE_sa15.wav,2,train,5,sadness,5,sadness,0.33276987075805664
/Users/prarthanapatel/Desktop/Himanshi/speech_emotion_detection-develop-v2/savee_preprocessed/audio/JE_su01.wav,JE_su01.wav,2,train,6,surprise,2,fear,0.2858583927154541
/Users/prarthanapatel/Desktop/Himanshi/speech_emotion_detection-develop-v2/savee_preprocessed/audio/JE_su02.wav,JE_su02.wav,2,train,6,surprise,2,fear,0.3005886375904083
/Users/prarthanapatel/Desktop/Himanshi/speech_emotion_detection-develop-v2/savee_preprocessed/audio/JE_su03.wav,JE_su03.wav,2,train,6,surprise,2,fear,0.28385818004608154
/Users/prarthanapatel/Desktop/Himanshi/speech_emotion_detection-develop-v2/savee_preprocessed/audio/JE_su04.wav,JE_su04.wav,2,train,6,surprise,2,fear,0.29536640644073486
/Users/prarthanapatel/Desktop/Himanshi/speech_emotion_detection-develop-v2/savee_preprocessed/audio/JE_su05.wav,JE_su05.wav,2,train,6,surprise,2,fear,0.2945871353149414
/Users/prarthanapatel/Desktop/Himanshi/speech_emotion_detection-develop-v2/savee_preprocessed/audio/JE_su06.wav,JE_su06.wav,2,train,6,surprise,2,fear,0.2943677306175232
/Users/prarthanapatel/Desktop/Himanshi/speech_emotion_detection-develop-v2/savee_preprocessed/audio/JE_su07.wav,JE_su07.wav,2,train,6,surprise,2,fear,0.2891281545162201
/Users/prarthanapatel/Desktop/Himanshi/speech_emotion_detection-develop-v2/savee_preprocessed/audio/JE_su08.wav,JE_su08.wav,2,train,6,surprise,2,fear,0.2832624316215515
/Users/prarthanapatel/Desktop/Himanshi/speech_emotion_detection-develop-v2/savee_preprocessed/audio/JE_su09.wav,JE_su09.wav,2,train,6,surprise,2,fear,0.2851923108100891
/Users/prarthanapatel/Desktop/Himanshi/speech_emotion_detection-develop-v2/savee_preprocessed/audio/JE_su10.wav,JE_su10.wav,2,train,6,surprise,2,fear,0.29519763588905334
/Users/prarthanapatel/Desktop/Himanshi/speech_emotion_detection-develop-v2/savee_preprocessed/audio/JE_su11.wav,JE_su11.wav,2,train,6,surprise,2,fear,0.30432477593421936
/Users/prarthanapatel/Desktop/Himanshi/speech_emotion_detection-develop-v2/savee_preprocessed/audio/JE_su12.wav,JE_su12.wav,2,train,6,surprise,2,fear,0.2804892957210541
/Users/prarthanapatel/Desktop/Himanshi/speech_emotion_detection-develop-v2/savee_preprocessed/audio/JE_su13.wav,JE_su13.wav,2,train,6,surprise,2,fear,0.28217560052871704
/Users/prarthanapatel/Desktop/Himanshi/speech_emotion_detection-develop-v2/savee_preprocessed/audio/JE_su14.wav,JE_su14.wav,2,train,6,surprise,2,fear,0.28522953391075134
/Users/prarthanapatel/Desktop/Himanshi/speech_emotion_detection-develop-v2/savee_preprocessed/audio/JE_su15.wav,JE_su15.wav,2,train,6,surprise,2,fear,0.27984651923179626
