filepath,filename,actor_id,actor_code,sentence_num,emotion,label,sample_rate,num_channels,duration,num_samples,file_size,sha256,split
audio/DC_a01.wav,DC_a01.wav,1,DC,1,anger,0,16000,1,3.6478,58365,116774,ed6c22c31ee79b709c6a66122792564cc7eabf8690a4d06b7b46ddde666b11ba,train
audio/DC_a02.wav,DC_a02.wav,1,DC,2,anger,0,16000,1,3.4381,55010,110064,ecbb2b4802d69e657b8ab5b8d43539ce5ab312da827c2919e283929fa4bd1960,train
audio/DC_a03.wav,DC_a03.wav,1,DC,3,anger,0,16000,1,2.0755,33208,66460,53576af46df6eb3ead28e4b65e9b73e1fb8aa5e47373cf62ab460c76fb54520c,train
audio/DC_a04.wav,DC_a04.wav,1,DC,4,anger,0,16000,1,2.7254,43606,87256,6de5271749b21250dc5229d69f7407da659706a902ea940077946e89eb63da3d,train
audio/DC_a05.wav,DC_a05.wav,1,DC,5,anger,0,16000,1,2.9979,47967,95978,1f2766995a5d4a9602b95c4f263fd05bd08d8ada817df58d2401665a45e8d0a7,train
audio/DC_a06.wav,DC_a06.wav,1,DC,6,anger,0,16000,1,3.7361,59777,119598,f4e51ee258190b2071915700684cd1a928aae95b9865dd76f0aec293ef5da1d0,train
audio/DC_a07.wav,DC_a07.wav,1,DC,7,anger,0,16000,1,2.6836,42938,85920,7e7a79e3c936171379a6cb88901f2da75a9415914ebf58c6a1a8f406bc4a00bc,train
audio/DC_a08.wav,DC_a08.wav,1,DC,8,anger,0,16000,1,3.473,55568,111180,082ea5c94777d3e5a26d32b3fd467bf15997ce6cee30dfe99bac840ec98978ae,train
audio/DC_a09.wav,DC_a09.wav,1,DC,9,anger,0,16000,1,4.0254,64407,128858,afc821b7798dc80f9f72b1d9b19d72af3dc55aa3d988870fa400882143b46939,train
audio/DC_a10.wav,DC_a10.wav,1,DC,10,anger,0,16000,1,4.6043,73669,147382,836fefe9876a16bc58e1d1d4d627e179ed4a97bc7e8a48317f191d189eb3dc7f,train
audio/DC_a11.wav,DC_a11.wav,1,DC,11,anger,0,16000,1,2.6574,42518,85080,3513d40c7c69ff4efba5a83c9a692aa2ade711483ed9e798629fca14613a0aa7,train
audio/DC_a12.wav,DC_a12.wav,1,DC,12,anger,0,16000,1,3.3151,53041,106126,21cca3d70bc2f9f08907653e711903128a29b13040dabb43458bf5b35c4d5866,train
audio/DC_a13.wav,DC_a13.wav,1,DC,13,anger,0,16000,1,4.6833,74932,149908,1b211457be886df4ef1feaeb1b519c2a794f8c9fb900a530960f6590c513f018,train
audio/DC_a14.wav,DC_a14.wav,1,DC,14,anger,0,16000,1,5.3936,86298,172640,3a625581758f4a6e1a38e4b122764a2ad19755c24a353063daee65258aef7907,train
audio/DC_a15.wav,DC_a15.wav,1,DC,15,anger,0,16000,1,4.92,78720,157484,172b5f3833c7387c345ab4520819a3bd3f1f74b92b1e0e0d8bd1d554190eb817,train
audio/DC_d01.wav,DC_d01.wav,1,DC,1,disgust,1,16000,1,4.3606,69769,139582,2f60463ad6aa0bede8d20bd1f78b131b8e64cd861fc6a78c7cbb352c6f9c77be,train
audio/DC_d02.wav,DC_d02.wav,1,DC,2,disgust,1,16000,1,3.9203,62725,125494,a180734c1b2cfa465446518033481f1e5923c770f68c45d87342d07f05ecbbe7,train
audio/DC_d03.wav,DC_d03.wav,1,DC,3,disgust,1,16000,1,2.348,37568,75180,0fdcfffdedb4eb8d32a147bdbc014a9fa92a0e91803f33fb69b73147f172c3d2,train
audio/DC_d04.wav,DC_d04.wav,1,DC,4,disgust,1,16000,1,4.3816,70105,140254,ce2fa3510e45ed557b47ca3987c2de88e4f23d3e81b37b5411f804d0b1bed3e7,train
audio/DC_d05.wav,DC_d05.wav,1,DC,5,disgust,1,16000,1,3.1027,49644,99332,ecb9b43b985fa73229a8bb79f7a86210653afe09963fe418f4d1fba6febe44ce,train
audio/DC_d06.wav,DC_d06.wav,1,DC,6,disgust,1,16000,1,3.3019,52830,105704,633f3a8fc2121a034637f2bb804c2f622c3de5a19362427b777d8daa33c4be1d,train
audio/DC_d07.wav,DC_d07.wav,1,DC,7,disgust,1,16000,1,2.6992,43187,86418,20ac149c8736599e24f5896b954bdebca3b6d5e18c3db9d1eb9a08964e933f04,train
audio/DC_d08.wav,DC_d08.wav,1,DC,8,disgust,1,16000,1,4.4025,70440,140924,e77ec177e4725e81c7f4943ef77f7d74082c1bc300ad3bd60c39eaf99af3ca70,train
audio/DC_d09.wav,DC_d09.wav,1,DC,9,disgust,1,16000,1,4.6384,74214,148472,0cf4df504e33adf4789586c266c17c43b6b4bb4aed76fbd23d44cc5825f38ad7,train
audio/DC_d10.wav,DC_d10.wav,1,DC,10,disgust,1,16000,1,4.5336,72537,145118,efd9eccede87ebabc1fc05867fce052cf2205d0a048d8353947542fb8f6f6c77,train
audio/DC_d11.wav,DC_d11.wav,1,DC,11,disgust,1,16000,1,3.5639,57023,114090,dede21728aca48f3deefe80597499d750437e735efffbfff33b3433dffeafd0d,train
audio/DC_d12.wav,DC_d12.wav,1,DC,12,disgust,1,16000,1,3.7212,59539,119122,c106f03ef010c2df4bd807c1bc8da00b8be1bc6c6af31380146c90eac3070dcf,train
audio/DC_d13.wav,DC_d13.wav,1,DC,13,disgust,1,16000,1,5.6341,90146,180336,9d6eb89e1395a1db44a2d061c47127eb7561c09bb77732c6e939c0ae9e1a2374,train
audio/DC_d14.wav,DC_d14.wav,1,DC,14,disgust,1,16000,1,5.6866,90986,182016,02f83ed72111931fdfeb1df62651f4e2a140fda6ccde60e6f78b5cdc822c5a37,train
audio/DC_d15.wav,DC_d15.wav,1,DC,15,disgust,1,16000,1,6.0558,96893,193830,c18580070e9de8cdd5032d9f63a9b30b94092f147f8af6f7f5ec312675b1ddf7,train
audio/DC_f01.wav,DC_f01.wav,1,DC,1,fear,2,16000,1,3.3124,52998,106040,7f9dc67803daac90525d621012ce2fbc243bc09da2edb8d7a7bfdc0521bbbd8c,train
audio/DC_f02.wav,DC_f02.wav,1,DC,2,fear,2,16000,1,3.3962,54339,108722,297bfbcee8f7171edbca0a43f655b14df03e8ea60eb0879542af2214afb81467,train
audio/DC_f03.wav,DC_f03.wav,1,DC,3,fear,2,16000,1,2.2851,36562,73168,e46f6872247f378d466c582216af0ba63dce657b0d7e3962768ff8242ddbb63f,train
audio/DC_f04.wav,DC_f04.wav,1,DC,4,fear,2,16000,1,3.0189,48302,96648,398af4363c47b058ff1b85419f88bd388bd12174c66f392651b0f2cedd155b39,train
audio/DC_f05.wav,DC_f05.wav,1,DC,5,fear,2,16000,1,3.2914,52662,105368,71bf269e8146a4f1828786c41a38d05c7b76026c7dc5e6587cab32dbe863f2fe,train
audio/DC_f06.wav,DC_f06.wav,1,DC,6,fear,2,16000,1,2.9874,47799,95642,7bc08e383d56f5a2ced11934903914fdf14444a32baafda19742d7ebb5f5e30b,train
audio/DC_f07.wav,DC_f07.wav,1,DC,7,fear,2,16000,1,3.6164,57862,115768,f2256a8be5ea5d27b9fafe5635cf2695488c6be032f384ab14fa094bcc146433,train
audio/DC_f08.wav,DC_f08.wav,1,DC,8,fear,2,16000,1,3.9046,62474,124992,c4243fe5f04433a7d0e4880a88460e5d53849cffadf414806cb53daafd865ff5,train
audio/DC_f09.wav,DC_f09.wav,1,DC,9,fear,2,16000,1,3.8784,62055,124154,f9a6ad84e4385ffdf2559d36643bbff8b6a425678a1d68d479c7bde65407d221,train
audio/DC_f10.wav,DC_f10.wav,1,DC,10,fear,2,16000,1,2.6729,42767,85578,748dad9e1173db52c4a874ed88541acd25f6aab60243bbf3bc7289e4b91b08b1,train
audio/DC_f11.wav,DC_f11.wav,1,DC,11,fear,2,16000,1,4.3239,69182,138408,13adf6b72453e882b672146a3a0323b458d2f5dad9e5f8c5c4d100bb918fe127,train
audio/DC_f12.wav,DC_f12.wav,1,DC,12,fear,2,16000,1,4.3763,70021,140086,a559ae54d7c5f4bbce51a57e87042a55ae1182b61da2b1f3c12ba5cbdd44abdf,train
audio/DC_f13.wav,DC_f13.wav,1,DC,13,fear,2,16000,1,2.4633,39413,78870,db3a702ebc2138ce955ec957faba3061d05556e724660c74879b727a982b1db0,train
audio/DC_f14.wav,DC_f14.wav,1,DC,14,fear,2,16000,1,4.9528,79245,158534,8bf2690546788c09b375c314eee98a2a538a4b6fc0bbd2066c1da2336237778a,train
audio/DC_f15.wav,DC_f15.wav,1,DC,15,fear,2,16000,1,5.1363,82180,164404,692c93a0926b65f846904b29a5d4632a7f3d007993cb78d7e678ccd156f41b8d,train
audio/DC_h01.wav,DC_h01.wav,1,DC,1,happiness,3,16000,1,3.8365,61384,122812,c84c8205118b7190fd42632f43b73aeec1b47332258039b4204172bd7ef3bffa,train
audio/DC_h02.wav,DC_h02.wav,1,DC,2,happiness,3,16000,1,3.3962,54339,108722,c21ec1b60dd127a2e44a6c156296b26130e6dced00680fb75d5a72a6c00cef44,train
audio/DC_h03.wav,DC_h03.wav,1,DC,3,happiness,3,16000,1,2.2641,36226,72496,19758dabb48bf74d11ff95c40a8bbddb66e9f9d17529f6921aa967b541cdf7b9,train
audio/DC_h04.wav,DC_h04.wav,1,DC,4,happiness,3,16000,1,3.2285,51656,103356,1da3e4d7379d83ba029a54f4c7008e9ad563c424cfc930b0a5bc51388ce8c2ec,train
audio/DC_h05.wav,DC_h05.wav,1,DC,5,happiness,3,16000,1,4.3606,69769,139582,f29046fd34b56db4afd3d7267d6a2450bb7e03934c1125e7f13b91efbbdb36ed,train
audio/DC_h06.wav,DC_h06.wav,1,DC,6,happiness,3,16000,1,3.4591,55346,110736,0ca0b08cec7c1dd0ffcb51911ad3381e5fcd0531517523d60267d8d125e469ea,train
audio/DC_h07.wav,DC_h07.wav,1,DC,7,happiness,3,16000,1,3.6059,57694,115432,76b9bcc4a1022397a8512927d6c84156a40a510bc21199ed24e816df5ebcbd2c,train
audio/DC_h08.wav,DC_h08.wav,1,DC,8,happiness,3,16000,1,2.5157,40251,80546,30c0c4b715269dcb97d7c54cb6e59ccd40c0678c32188aa5e822ecaeacb0ff91,train
audio/DC_h09.wav,DC_h09.wav,1,DC,9,happiness,3,16000,1,3.3334,53334,106712,8bb3ac577acec717a13b50a05ea0cf9a8286d544557728132f6c1221a12f2269,train
audio/DC_h10.wav,DC_h10.wav,1,DC,10,happiness,3,16000,1,3.3124,52998,106040,f018b09f5baa6a10eef5dbf56fff748a3d43d1edd9c2fa9a8b655c74cf0bdea8,train
audio/DC_h11.wav,DC_h11.wav,1,DC,11,happiness,3,16000,1,5.9748,95597,191238,3159edba7b3b9f41cecf7a5ed74e9f5bf1033e36698b518fdbb25280eee06f61,train
audio/DC_h12.wav,DC_h12.wav,1,DC,12,happiness,3,16000,1,5.6604,90566,181176,ba8fb737f9e6f3a6659ee527e042716b1d7f7725128c346a2e5e5aa45f59bae0,train
audio/DC_h13.wav,DC_h13.wav,1,DC,13,happiness,3,16000,1,2.7673,44277,88598,039719c4867a50ccc2464ce85c97e657e6afa7590477f009167072770d9fad2e,train
audio/DC_h14.wav,DC_h14.wav,1,DC,14,happiness,3,16000,1,5.4088,86541,173126,3227898dadf0cdff9b1169e6e92e2646d2ec736244395cbaff5d8dbd79580369,train
audio/DC_h15.wav,DC_h15.wav,1,DC,15,happiness,3,16000,1,5.8491,93585,187214,801776ddab6ba32b097a502bcb48e7dd41f899853e839948bdcfa25bcbcff97a,train
audio/DC_n01.wav,DC_n01.wav,1,DC,1,neutral,4,16000,1,3.7736,60377,120798,95d392fb0f66b8c07eb30bb0a6f06d7e5c589ebf1c0c2210c267e2921d5368c6,train
audio/DC_n02.wav,DC_n02.wav,1,DC,2,neutral,4,16000,1,3.7736,60377,120798,17fb740045b077095a4a88dc2adf8ee90642e4132858cf8bc91e4c0f81063bdd,train
audio/DC_n03.wav,DC_n03.wav,1,DC,3,neutral,4,16000,1,2.0545,32872,65788,58bcd1d6e704176733bad3fd47a2d38d549336780a5d7f7591ca9c938de65940,train
audio/DC_n04.wav,DC_n04.wav,1,DC,4,neutral,4,16000,1,3.6059,57694,115432,5537476fc28cff159192d6fa9232b1df3ac5d587a17a95254f093f15ae00abfb,train
audio/DC_n05.wav,DC_n05.wav,1,DC,5,neutral,4,16000,1,2.8302,45283,90610,cd584dbbf74c959e6a6b80814ca67d0d9ff3be542e430fd35f36394a3a1b8611,train
audio/DC_n06.wav,DC_n06.wav,1,DC,6,neutral,4,16000,1,4.1307,66092,132228,0690652c61628e4b396875892f2f0ba11d67c98898a4e7ab1be3377f81e0e978,train
audio/DC_n07.wav,DC_n07.wav,1,DC,7,neutral,4,16000,1,4.0518,64828,129700,9ffaa316e5365af7b61c3594a87609333b6ba18afc73a1048351247d0d0373f7,train
audio/DC_n08.wav,DC_n08.wav,1,DC,8,neutral,4,16000,1,3.4992,55988,112020,4dd864c89bf750b8d6ae1d1c4fedfdeeef79ccb885cf45882ea51f2ffd8b8be3,train
audio/DC_n09.wav,DC_n09.wav,1,DC,9,neutral,4,16000,1,3.7887,60619,121282,1734b03d516fa35c639b1c5a04c49394e8c9878383e1864f394d7bb2e2142d08,train
audio/DC_n10.wav,DC_n10.wav,1,DC,10,neutral,4,16000,1,4.1833,66933,133910,035cac2d9ab548c56d834e515f9a2562e891162c3b71f57067b40991cf79a586,train
audio/DC_n11.wav,DC_n11.wav,1,DC,11,neutral,4,16000,1,6.1566,98506,197056,0ae144f3131c6c2fc7a5c0ad60e89cb8dbcc7e0ba2323571f8f1b152e3e2b488,train
audio/DC_n12.wav,DC_n12.wav,1,DC,12,neutral,4,16000,1,2.9731,47569,95182,7882013c671a659dd0b1913f3600de63febaa08f010f6f9f082572bb5c0c679f,train
audio/DC_n13.wav,DC_n13.wav,1,DC,13,neutral,4,16000,1,2.7889,44622,89288,6695a6a5880472c9b6eaba7c1eab9736d4dde5e98126343461d7440eec7202fd,train
audio/DC_n14.wav,DC_n14.wav,1,DC,14,neutral,4,16000,1,5.0252,80404,160852,1c398d1923417487f755c0fa29ce5a3e7c599b8dc3029585ba63b94dd073a058,train
audio/DC_n15.wav,DC_n15.wav,1,DC,15,neutral,4,16000,1,5.1568,82509,165062,2958be8ecf8647486c518d81a823e7c0f487f8c8f30ce455e44e15a48c493469,train
audio/DC_n16.wav,DC_n16.wav,1,DC,16,neutral,4,16000,1,3.8155,61048,122140,b113eb45ef455f6038b6afdd3564e88912159e3ad6827d24f5ec5823c09e78e9,train
audio/DC_n17.wav,DC_n17.wav,1,DC,17,neutral,4,16000,1,3.4591,55346,110736,fe3f06326be67d89788bdefff4a9edd7f759650d938b7ccbcd90ab7d235d7598,train
audio/DC_n18.wav,DC_n18.wav,1,DC,18,neutral,4,16000,1,1.8868,30189,60422,6b84b58a64a41ea652d741660c0624e4a34e653a7c2ea6bdfb7245723927525f,train
audio/DC_n19.wav,DC_n19.wav,1,DC,19,neutral,4,16000,1,3.2495,51992,104028,1a09029a7a4b13c157dfb7c1810e78f04e3ea06476fccde84cd65c9ce4f93616,train
audio/DC_n20.wav,DC_n20.wav,1,DC,20,neutral,4,16000,1,3.2914,52662,105368,7bba61500c50642ebd5f6b5e2e3b0b167775e7f584b6770127f4c38a3e37ae55,train
audio/DC_n21.wav,DC_n21.wav,1,DC,21,neutral,4,16000,1,4.0781,65249,130542,60daf4ebc62bc92dbabdc390e64651e06b9caf132a3d809a4c12827f9c0787df,train
audio/DC_n22.wav,DC_n22.wav,1,DC,22,neutral,4,16000,1,3.052,48832,97708,890704d1fd10406d0af313a21c8180f6eb564971a4bc8cae2ae09dab7518a0f2,train
audio/DC_n23.wav,DC_n23.wav,1,DC,23,neutral,4,16000,1,3.3151,53042,106128,b1957e41f599a38ec38ffeffc33343eb111b5213b93990c2e0a3b7b58c85a4b8,train
audio/DC_n24.wav,DC_n24.wav,1,DC,24,neutral,4,16000,1,3.8676,61882,123808,e82c0d45b98d654a7a1d9c288e01f9bdaa8c04bff1c06d91eb6c87fe2e96a54f,train
audio/DC_n25.wav,DC_n25.wav,1,DC,25,neutral,4,16000,1,4.0255,64408,128860,58ccee5b24e73741737a18fe49f10c96d25ad44ab35678cd116126f8c53e241c,train
audio/DC_n26.wav,DC_n26.wav,1,DC,26,neutral,4,16000,1,3.1309,50095,100234,24bfb27de2f899064f7de26664bf1e9ca3628b061ba9b10a92c69155aaf75038,train
audio/DC_n27.wav,DC_n27.wav,1,DC,27,neutral,4,16000,1,5.4463,87140,174324,a8e93c50c669db812051d1cf8efa25607a18d1b1f1d1dae6c1c609059c27e22b,train
audio/DC_n28.wav,DC_n28.wav,1,DC,28,neutral,4,16000,1,5.4988,87981,176006,7202348879c3e6cdd17c5b33eae44a1518cc8eeaf9ae5d064838712735100cd0,train
audio/DC_n29.wav,DC_n29.wav,1,DC,29,neutral,4,16000,1,3.2887,52620,105284,22d4cd0881548ead08904c1a586e7d42d54bd2f142c2b911a18561e4973aff00,train
audio/DC_n30.wav,DC_n30.wav,1,DC,30,neutral,4,16000,1,4.6306,74090,148224,1ca8a8744db1afbe8e5ed7166545e9a6289e3bce9c2d29fa8db40a86fc385b50,train
audio/DC_sa01.wav,DC_sa01.wav,1,DC,1,sadness,5,16000,1,4.3192,69107,138258,e35bb7c4d821c0505328e474497679a7b4d4dc90c0605093ac93cb05104b226c,train
audio/DC_sa02.wav,DC_sa02.wav,1,DC,2,sadness,5,16000,1,3.9399,63039,126122,4a9f4495893e22f05eb94714da49b7fe822e9e60fd00856cff5ba6cc70db322e,train
audio/DC_sa03.wav,DC_sa03.wav,1,DC,3,sadness,5,16000,1,2.4229,38767,77578,b3c0f11bc3b7a40765c6affdfa43d1f84c0fb52ed4993e8833559cb395471c8c,train
audio/DC_sa04.wav,DC_sa04.wav,1,DC,4,sadness,5,16000,1,5.9836,95738,191520,e596ff4af217d17de149f8ca8d24a6693d9e2eec9c24618720a39820405c308c,train
audio/DC_sa05.wav,DC_sa05.wav,1,DC,5,sadness,5,16000,1,4.743,75888,151820,d77d1ade80af070583c6460ba3ac27204a47cd679398aab05d63e76313868a6e,train
audio/DC_sa06.wav,DC_sa06.wav,1,DC,6,sadness,5,16000,1,4.13,66080,132204,754da3af32ed0c79b781a928f11a4eaf303d617998f0f9b6b92b02a4e1e5f0ff,train
audio/DC_sa07.wav,DC_sa07.wav,1,DC,7,sadness,5,16000,1,2.9141,46625,93294,16595287238b2c2a0316671dc5456487507912f14d178ca557e15f4ee91a4725,train
audio/DC_sa08.wav,DC_sa08.wav,1,DC,8,sadness,5,16000,1,3.0608,48973,97990,7d41762d50868ca373aa43525e57ae3e24428a959726fc40ac87c2aa9f939b76,train
audio/DC_sa09.wav,DC_sa09.wav,1,DC,9,sadness,5,16000,1,2.7463,43941,87926,3adc513936419e82c6552bb46b47909550553305a1d9f9f927a106763efdb101,train
audio/DC_sa10.wav,DC_sa10.wav,1,DC,10,sadness,5,16000,1,4.1614,66583,133210,8cb913814d3c666c4ecefe147527db19a3c9b89bded48a33833e42aa5c5839f6,train
audio/DC_sa11.wav,DC_sa11.wav,1,DC,11,sadness,5,16000,1,6.2264,99623,199290,318b933b76fb42bba8abfb2eab6d8ce69619f899ac062a1119e107a3d4a2e84e,train
audio/DC_sa12.wav,DC_sa12.wav,1,DC,12,sadness,5,16000,1,5.3774,86038,172120,8feb4e638e9ae13af2277d72a8b22d8991ce2d115049a69310b22d35052caf5b,train
audio/DC_sa13.wav,DC_sa13.wav,1,DC,13,sadness,5,16000,1,5.9434,95094,190232,3c7d8cee709617d47ab52b6c5b52e961a9656f6bd0948f2d954a7850d0a326f3,train
audio/DC_sa14.wav,DC_sa14.wav,1,DC,14,sadness,5,16000,1,5.7233,91572,183188,aaedd2e6aa4a01592350e857224b3895cbe36f4fac7b88fee670cbcba4286913,train
audio/DC_sa15.wav,DC_sa15.wav,1,DC,15,sadness,5,16000,1,5.1887,83019,166082,2ec07482f0c8384f86980c23cbd327de03352d2f6a8f4e41e219e32120e5ff6a,train
audio/DC_su01.wav,DC_su01.wav,1,DC,1,surprise,6,16000,1,3.2495,51992,104028,43705acd2d2bbc596f2cd7eb0cddfcf177183615213c454520e5699f51eb5bf8,train
audio/DC_su02.wav,DC_su02.wav,1,DC,2,surprise,6,16000,1,3.2285,51656,103356,ac526f5b577747d2088bb0a7ee6a5200855bec19dc5d4a4f4b1a6610f806b344,train
audio/DC_su03.wav,DC_su03.wav,1,DC,3,surprise,6,16000,1,1.8659,29854,59752,280eaa19ddf48cd7fed12706582a491f771bbc54e3d92b789106c13148b91a59,train
audio/DC_su04.wav,DC_su04.wav,1,DC,4,surprise,6,16000,1,3.3543,53669,107382,9c5a30a051247793557384f7bd59a50fc8096fd2c71d8f2b824d8bb5dbf97303,train
audio/DC_su05.wav,DC_su05.wav,1,DC,5,surprise,6,16000,1,2.8302,45283,90610,1fd56e6247e1fe802168a4b3002fecdde57d043da082c674d3f12ba942964fc3,train
audio/DC_su06.wav,DC_su06.wav,1,DC,6,surprise,6,16000,1,2.4214,38742,77528,e16ff4931d18b6acb05078f0ea62edd64527e33432480f35793425730caf51a5,train
audio/DC_su07.wav,DC_su07.wav,1,DC,7,surprise,6,16000,1,3.4559,55295,110634,1df5371d182fbe02c4dedf0198742ddbba3c489c7e1645259978b00fdbfca812,train
audio/DC_su08.wav,DC_su08.wav,1,DC,8,surprise,6,16000,1,3.8082,60931,121906,7610ff700a6fbb43ac19fa75d8ab41c3e12167a9c70ba2ceab2a24f37278ed9b,train
audio/DC_su09.wav,DC_su09.wav,1,DC,9,surprise,6,16000,1,3.4339,54943,109930,80ffc9182a7e998a314fab8eeb385e0cc83056914375ff857d7ca71f90da5ffa,train
audio/DC_su10.wav,DC_su10.wav,1,DC,10,surprise,6,16000,1,4.0566,64906,129856,143348802b7a754a1a538c50f031dade24514b62da6c90ae80a043a8c5089223,train
audio/DC_su11.wav,DC_su11.wav,1,DC,11,surprise,6,16000,1,2.6729,42767,85578,70b95117856f9b49567d8685e5bd5f7728f83116fe845c067b112b13421ad7a8,train
audio/DC_su12.wav,DC_su12.wav,1,DC,12,surprise,6,16000,1,5.0314,80503,161050,1b7a6746a581fcae804ff2112bf10ab487db4cb7ff6e60da3dc2b3791dad6ee5,train
audio/DC_su13.wav,DC_su13.wav,1,DC,13,surprise,6,16000,1,4.2977,68763,137570,2bdb14b5b6907a132756ac117ae8376a74af740e6d7ff7d4386105673eaf9149,train
audio/DC_su14.wav,DC_su14.wav,1,DC,14,surprise,6,16000,1,5.739,91824,183692,bf5668ddf05ad226c72f722a0a2836016b42ee0a8ebdefa8298273386568e12b,train
audio/DC_su15.wav,DC_su15.wav,1,DC,15,surprise,6,16000,1,5.8176,93082,186208,bdf915ec6718da8e0a5bb7b3d0e3f6afb4ae8613560a5fd8a2fc1544e405215a,train
audio/JE_a01.wav,JE_a01.wav,2,JE,1,anger,0,16000,1,3.5593,56949,113942,a9dd7c8bcb1b1350318703a4e07cbe1e4be3f123f6192aac42f53439dd3e0a71,train
audio/JE_a02.wav,JE_a02.wav,2,JE,2,anger,0,16000,1,3.0939,49502,99048,771a0105e62fea760317ef1d99c9bd650686bf93e4ffa3cb073dc68ae86d5b27,train
audio/JE_a03.wav,JE_a03.wav,2,JE,3,anger,0,16000,1,2.2011,35218,70480,8e7134c87dadc4ba7f0e8a64430222b1b7644cabc513d001032393b8233182f4,train
audio/JE_a04.wav,JE_a04.wav,2,JE,4,anger,0,16000,1,3.2797,52476,104996,fb433fe472a99d9c5f179cd34ccc169c1c8929090df12ddc805cd65db98d7a95,train
audio/JE_a05.wav,JE_a05.wav,2,JE,5,anger,0,16000,1,3.2037,51260,102564,486c0fb8f6d95e9b757b4b2dd7d268165d086804246e3600e70140530a2a9e75,train
audio/JE_a06.wav,JE_a06.wav,2,JE,6,anger,0,16000,1,4.1396,66233,132510,557e215204d2dd9b0455104932ec3e7984755f0726a7103e0104416f757304ab,train
audio/JE_a07.wav,JE_a07.wav,2,JE,7,anger,0,16000,1,3.0869,49391,98826,6e7293b5b956cd7dfe911b096618de8719b29ef968ee329a4f5ecd0a9b5b8547,train
audio/JE_a08.wav,JE_a08.wav,2,JE,8,anger,0,16000,1,4.2238,67581,135206,8b8f244249ac3dc74866800d2ecfd504fbafd52eef24d9b8cc1b701927da65f9,train
audio/JE_a09.wav,JE_a09.wav,2,JE,9,anger,0,16000,1,4.869,77904,155852,da8cc0031752cca1bd9c24659f692c4bb097dc6d9d2cc58dd821a31f207c6b1e,train
audio/JE_a10.wav,JE_a10.wav,2,JE,10,anger,0,16000,1,5.1539,82462,164968,ac22884c5c9d845205eada7b9ff65af1ae434face9cd8d5d49d864d1d01ec5c8,train
audio/JE_a11.wav,JE_a11.wav,2,JE,11,anger,0,16000,1,3.2404,51847,103738,de61dcb95ada8edda94d47f9fd81c8373908a4efc65c80fac025c91c21d68120,train
audio/JE_a12.wav,JE_a12.wav,2,JE,12,anger,0,16000,1,3.8397,61436,122916,c4e85a67da679ddaa44767c030d5dc692b561f702bde5a3b94231e4e6db8018b,train
audio/JE_a13.wav,JE_a13.wav,2,JE,13,anger,0,16000,1,5.3309,85295,170634,d38d2260bc6e417769ccd480ea0315ea7ded366ce2733051730ef3d4e9994320,train
audio/JE_a14.wav,JE_a14.wav,2,JE,14,anger,0,16000,1,7.0248,112397,224838,1c5ec1968ac007ccc92f450f241f3bc3617292c2b938517a70ee84270a4ee319,train
audio/JE_a15.wav,JE_a15.wav,2,JE,15,anger,0,16000,1,6.1069,97711,195466,3663ac378dcfda3116baa62d68b342710f0e4a29b96a3895c8de2b18d8c13a5e,train
audio/JE_d01.wav,JE_d01.wav,2,JE,1,disgust,1,16000,1,4.4106,70569,141182,401fd23ee9a23d5098e90c034be2f687724c2865f16da649b94d2f71dbbac976,train
audio/JE_d02.wav,JE_d02.wav,2,JE,2,disgust,1,16000,1,3.5421,56674,113392,cbab2e0724bfc80607b317449a499ebe759e783b4f6c0fc0a9446e225c9f449d,train
audio/JE_d03.wav,JE_d03.wav,2,JE,3,disgust,1,16000,1,2.505,40080,80204,4a289e2de602c1d860206247b3ba50c4025d420f3711dbb58d9aeec0f15bca67,train
audio/JE_d04.wav,JE_d04.wav,2,JE,4,disgust,1,16000,1,4.1179,65886,131816,02233a738b028324c95e6b88a6a54b93daf0e4201dc796b7a134032aeec2668a,train
audio/JE_d05.wav,JE_d05.wav,2,JE,5,disgust,1,16000,1,3.5309,56494,113032,4ebf76e5eb9bff161a890949203bb8f90bec9ed4cd0daae75832e65b37cd445c,train
audio/JE_d06.wav,JE_d06.wav,2,JE,6,disgust,1,16000,1,3.1409,50255,100554,bcc98d01440994085b1178a6421740ea945138f4bb6818e5f2b9373f94eedf47,train
audio/JE_d07.wav,JE_d07.wav,2,JE,7,disgust,1,16000,1,2.8817,46108,92260,735d532c45c2b30b69498f41a7798de5ea535996b96c92fa5daa19855e0c7521,train
audio/JE_d08.wav,JE_d08.wav,2,JE,8,disgust,1,16000,1,4.2887,68619,137282,30c239b066562bebfd444ebfcdb61d502e47d97621c4426d35ef5644b4d06fd2,train
audio/JE_d09.wav,JE_d09.wav,2,JE,9,disgust,1,16000,1,4.0988,65581,131206,806003f02e1047d0f3ccaa2791b980badc744120ec3a66a3f48c314034a2b7e7,train
audio/JE_d10.wav,JE_d10.wav,2,JE,10,disgust,1,16000,1,3.5779,57247,114538,695a83777da4524f0ff59b360aeb6c504b8b49e9bbd76f6f4c98336287cde813,train
audio/JE_d11.wav,JE_d11.wav,2,JE,11,disgust,1,16000,1,3.6466,58345,116734,a4cb86e22deb6c7d797fbf5e2742425c83ea5c61f966c1adc321475872f134a5,train
audio/JE_d12.wav,JE_d12.wav,2,JE,12,disgust,1,16000,1,3.0103,48165,96374,5739b9c238e7e3ff3bf9f731d538ff9103eae2ab85af0cb18d0fd41ce69f95f8,train
audio/JE_d13.wav,JE_d13.wav,2,JE,13,disgust,1,16000,1,5.5925,89480,179004,b14c880919e4e34780917db208648b1f81c219fac7bf51d2d27fff09a4a09216,train
audio/JE_d14.wav,JE_d14.wav,2,JE,14,disgust,1,16000,1,5.6223,89957,179958,dbe961a7241cce43dcdcda8efa39be90e88ff6089599eebc209401a593f25be0,train
audio/JE_d15.wav,JE_d15.wav,2,JE,15,disgust,1,16000,1,6.0328,96524,193092,5a2ab2ba00268204e27cc14d454ad75d5d9697c9e3364ab8e0bc65ef9981986a,train
audio/JE_f01.wav,JE_f01.wav,2,JE,1,fear,2,16000,1,4.2,67200,134444,00dd55a4b541e47fc1bbda5fd1593ddd2f9b8dbc738a92e5655614ffeea5f402,train
audio/JE_f02.wav,JE_f02.wav,2,JE,2,fear,2,16000,1,3.9086,62537,125118,4e5e8e1142311aa4ccda0f33d6a3cfb59dd2fc15a3c1a5dd56c685a06c031833,train
audio/JE_f03.wav,JE_f03.wav,2,JE,3,fear,2,16000,1,2.9314,46903,93850,5c0b0f16ac0faf445cdb4a311c0c37d669a2c3173234a233a6332df89608561c,train
audio/JE_f04.wav,JE_f04.wav,2,JE,4,fear,2,16000,1,3.3942,54308,108660,69c2a6596e45cde0c0e74a2775e3311b15bc210aac9d5710140518a5c7eebccf,train
audio/JE_f05.wav,JE_f05.wav,2,JE,5,fear,2,16000,1,3.9772,63635,127314,cfeccceeeb5ed7ab6b031bf893dfca19d343d80d32877701b05e0f27a2eb577e,train
audio/JE_f06.wav,JE_f06.wav,2,JE,6,fear,2,16000,1,3.6106,57769,115582,774c15aea61b719834503f4a7bfb679a376b3e6966d523ea0aa2f04e89e6bb2d,train
audio/JE_f07.wav,JE_f07.wav,2,JE,7,fear,2,16000,1,4.1599,66559,133162,46585424e2adb33d1c6987ade9569605fa3b9a6df463d8905e1503d73190c3dd,train
audio/JE_f08.wav,JE_f08.wav,2,JE,8,fear,2,16000,1,4.8131,77010,154064,8b04e99e06722b70676edbd9d687d611100cc36302952cd3c96e0932b1067ef3,train
audio/JE_f09.wav,JE_f09.wav,2,JE,9,fear,2,16000,1,4.1943,67109,134262,599a15d436882e78b7bb14f554cc9ff69e0862ac189d7be5a465a7f10f9c9936,train
audio/JE_f10.wav,JE_f10.wav,2,JE,10,fear,2,16000,1,3.0598,48956,97956,5c8df71394b6af9de3657f69530c08476fe5f3b91ceedfb34279718133c527a5,train
audio/JE_f11.wav,JE_f11.wav,2,JE,11,fear,2,16000,1,4.5228,72365,144774,f6fe9e62b6cc9d607c1c5e0d910f636f74fd6e095b09de5cab0ccd674afa7df2,train
audio/JE_f12.wav,JE_f12.wav,2,JE,12,fear,2,16000,1,5.1282,82051,164146,91c6c6ec948a7afeab39f04712facde818e2d08589f8f87528f77e050bfedae4,train
audio/JE_f13.wav,JE_f13.wav,2,JE,13,fear,2,16000,1,3.1695,50712,101468,a49d90ace04ad8cdc2db1faf88cd9525cc78998c0599584caa0b3e73086a9f1f,train
audio/JE_f14.wav,JE_f14.wav,2,JE,14,fear,2,16000,1,4.8433,77493,155030,9b3ab574c7f3dc782845cdd87d6af7a2d6ff700798b4400f85e0b100157288e6,train
audio/JE_f15.wav,JE_f15.wav,2,JE,15,fear,2,16000,1,5.6624,90598,181240,9eb3383eca5f85f41ab6605da2edebd97d11346bcab4d44c6637ad9e954ad9cf,train
audio/JE_h01.wav,JE_h01.wav,2,JE,1,happiness,3,16000,1,4.6088,73741,147526,8e67134651d3c8c9017dc96f7850f3a4b5430acd9fdf516d5fe2abde2b089d3c,train
audio/JE_h02.wav,JE_h02.wav,2,JE,2,happiness,3,16000,1,3.4823,55716,111476,2841da1e294cb795662db911b85d3aea83f2baada15503d9d19e460edba8b85c,train
audio/JE_h03.wav,JE_h03.wav,2,JE,3,happiness,3,16000,1,2.5604,40967,81978,88290103908ce1e74f87a655351af121774f21ba3c01c190fcec78a6f8acfe52,train
audio/JE_h04.wav,JE_h04.wav,2,JE,4,happiness,3,16000,1,3.6187,57900,115844,9d3b9aafaa3795b289adb3591bff0d158995bc1abdc9e5d6196cab0e42d5c30b,train
audio/JE_h05.wav,JE_h05.wav,2,JE,5,happiness,3,16000,1,4.3054,68886,137816,776e7b95a8a894baa5cd941fe69fbc9056dce60b83d2d849e583b5e1fa51fefb,train
audio/JE_h06.wav,JE_h06.wav,2,JE,6,happiness,3,16000,1,4.5171,72273,144590,81948bc154daeb1c0a0d97ce34d6d16da3d1dae6591e4ec2ec7480bd99a5093a,train
audio/JE_h07.wav,JE_h07.wav,2,JE,7,happiness,3,16000,1,4.0483,64773,129590,1447a7e86e002c86076353b6d72528c43f34dbca9e06c697554eb9b5a01aeb00,train
audio/JE_h08.wav,JE_h08.wav,2,JE,8,happiness,3,16000,1,3.4943,55909,111862,00f2b2df4087a2685316a90245a0c1b63ffc432d56e436a0b48b4384adce6777,train
audio/JE_h09.wav,JE_h09.wav,2,JE,9,happiness,3,16000,1,4.0483,64773,129590,fb34dd8999dd03fa76415e5a1c127128bcf32b2209021ff59bbf1c750499f014,train
audio/JE_h10.wav,JE_h10.wav,2,JE,10,happiness,3,16000,1,3.6648,58636,117316,5b12ad70e64f2115a33c883a101100db0010b6956b5303cd17e4eab0e45e259e,train
audio/JE_h11.wav,JE_h11.wav,2,JE,11,happiness,3,16000,1,5.4129,86606,173256,3c31e4bd594b77c4de068a55fe14fb532d719fbe5bcf55cb7480565cd3540307,train
audio/JE_h12.wav,JE_h12.wav,2,JE,12,happiness,3,16000,1,5.6172,89875,179794,fb1b817af684723f49ccafcf1139bfe862849a0afda9478a0ba782274b2d1695,train
audio/JE_h13.wav,JE_h13.wav,2,JE,13,happiness,3,16000,1,2.8689,45902,91848,b528dce71b13785d8257403f91b99c56dd1f2d81cf947c1d4bfdef04d058df04,train
audio/JE_h14.wav,JE_h14.wav,2,JE,14,happiness,3,16000,1,5.32,85120,170284,13cc260d3ca6d535f11db2c816aae70f3aa057fae19728e36c083152d5894c1e,train
audio/JE_h15.wav,JE_h15.wav,2,JE,15,happiness,3,16000,1,5.0213,80341,160726,11108e381130fd919f71303a95bd748b7b8c16f5febf090a16ffe72a37a0151e,train
audio/JE_n01.wav,JE_n01.wav,2,JE,1,neutral,4,16000,1,3.6979,59167,118378,bf94e6b7994af914f8aa2c8c92823f362c7e1c33012d0c963539e741e6d1a625,train
audio/JE_n02.wav,JE_n02.wav,2,JE,2,neutral,4,16000,1,3.3866,54186,108416,20829ba48a59695a6c079fce9f709c26f5cc2e117d1eb7051857896d19e4c23c,train
audio/JE_n03.wav,JE_n03.wav,2,JE,3,neutral,4,16000,1,2.0963,33541,67126,dcf1983243bbda33e55862389919779e2265246ff4d77795d3dd79f6fdd38b38,train
audio/JE_n04.wav,JE_n04.wav,2,JE,4,neutral,4,16000,1,3.4561,55298,110640,bdfd357a03aa4c9563be06bd277ff3a1e5754f36334fe8747ead9f59f068ccf1,train
audio/JE_n05.wav,JE_n05.wav,2,JE,5,neutral,4,16000,1,4.3626,69802,139648,9c7584045fa09c2e840ae693c56e52eeb60c020941a12195a4e49748be820897,train
audio/JE_n06.wav,JE_n06.wav,2,JE,6,neutral,4,16000,1,3.9759,63614,127272,2e730b2f73cd6168971fc954a59a900d5017cf66afeac9f0768f3701649d0994,train
audio/JE_n07.wav,JE_n07.wav,2,JE,7,neutral,4,16000,1,4.1059,65694,131432,e6a4003020cae5f65a8523cf38b804a1e3966c3cd0e7a3d92311a538c83f25b8,train
audio/JE_n08.wav,JE_n08.wav,2,JE,8,neutral,4,16000,1,3.1761,50818,101680,367a785a08e0fde790875921a3c77cd73852f2cacc7b616082a01f63f25c3469,train
audio/JE_n09.wav,JE_n09.wav,2,JE,9,neutral,4,16000,1,3.6477,58364,116772,44a3817271a0ea63f2cb9607fe1b6bdbb908d92dff96c3db8b81f37a524a5542,train
audio/JE_n10.wav,JE_n10.wav,2,JE,10,neutral,4,16000,1,3.821,61136,122316,bb2d661bbe5ae34c2c9624c4e978b18b7f4847f06e7c3d7b3d2be67cffe8de91,train
audio/JE_n11.wav,JE_n11.wav,2,JE,11,neutral,4,16000,1,5.3322,85315,170674,0d358ef9aeba4dadea29ce54d3caedb947757c671272e440ef063ed388852394,train
audio/JE_n12.wav,JE_n12.wav,2,JE,12,neutral,4,16000,1,3.2813,52501,105046,d4c2ca06b231f4711cd7e83ed569711466c4b6863c10943024286031a4f9ca88,train
audio/JE_n13.wav,JE_n13.wav,2,JE,13,neutral,4,16000,1,2.7449,43919,87882,4214009c2862ba118281d6e47d5a2c7ea6c964e0958ce53501d8ba9a2f86f7a5,train
audio/JE_n14.wav,JE_n14.wav,2,JE,14,neutral,4,16000,1,5.4584,87334,174712,ef659198e8f8c1488e62738c428f74a05b146841db15ff9158762890c64bfe85,train
audio/JE_n15.wav,JE_n15.wav,2,JE,15,neutral,4,16000,1,5.4584,87334,174712,c9f45ee8f5a721bd11708ef2189fe966386970a4e309047a180403480ca8db0e,train
audio/JE_n16.wav,JE_n16.wav,2,JE,16,neutral,4,16000,1,3.4461,55137,110318,b9d4c45af177c32a86ec48ccd2c7c565b32cc499f44b810438d73423556f2d19,train
audio/JE_n17.wav,JE_n17.wav,2,JE,17,neutral,4,16000,1,3.0028,48045,96134,f80822106cc893f9f0f443fe4732a1f62ac6b9097245a430eabb85ec7debf609,train
audio/JE_n18.wav,JE_n18.wav,2,JE,18,neutral,4,16000,1,2.0777,33243,66530,a887e1147ebf1663804d7a1050c00b957a1764d54f748f0a4dc57835138ba867,train
audio/JE_n19.wav,JE_n19.wav,2,JE,19,neutral,4,16000,1,3.4748,55597,111238,6c8caa984ef73209149baae5898b4e21246e434ec2b6759b9e25bd2883923d4e,train
audio/JE_n20.wav,JE_n20.wav,2,JE,20,neutral,4,16000,1,3.6793,58868,117780,98874411ea850fa4c97228c4b164fde0224be9e7e1fb1c50ec6a6a312f1c2c7b,train
audio/JE_n21.wav,JE_n21.wav,2,JE,21,neutral,4,16000,1,3.8333,61333,122710,1849db5b8ebcf539c4228401fef5842a3053dad5d4c5e1b43baebf4830ab00a1,train
audio/JE_n22.wav,JE_n22.wav,2,JE,22,neutral,4,16000,1,3.0377,48604,97252,7254e1d8a8999df944749e72f854c48106c20366d3f9a687894a18df06e9b73e,train
audio/JE_n23.wav,JE_n23.wav,2,JE,23,neutral,4,16000,1,3.3752,54004,108052,068227d99e4995d72ee8585d358c86e27ee474aa0a7123a0eb39ef0a72d7eb2d,train
audio/JE_n24.wav,JE_n24.wav,2,JE,24,neutral,4,16000,1,3.8333,61333,122710,5fa49f61d74421ace0f7dec0fad461963493e065519cb9f4beafcf06c60a4cd6,train
audio/JE_n25.wav,JE_n25.wav,2,JE,25,neutral,4,16000,1,3.6405,58248,116540,c1d7f8b3b832290794cd0c7023cbe556094524499f15ae01e857e8c44ffe0253,train
audio/JE_n26.wav,JE_n26.wav,2,JE,26,neutral,4,16000,1,2.4985,39976,79996,e8f0e0e11c4202bd1660523c756408ca5cfb6edd77aafbe436db35855c2bd32c,train
audio/JE_n27.wav,JE_n27.wav,2,JE,27,neutral,4,16000,1,5.2693,84308,168660,5c5aaa2db6ceed8f16d79aaec53df9b40f4ac9331362be81f3043d2c2d8f4d2b,train
audio/JE_n28.wav,JE_n28.wav,2,JE,28,neutral,4,16000,1,4.9399,79038,158120,25dd2ffd309762f8b597db4227d840afb6a22c5d745319abc5109049283270ee,train
audio/JE_n29.wav,JE_n29.wav,2,JE,29,neutral,4,16000,1,3.3479,53567,107178,16efad16dcfcd424646cb80795c067798fcc8c6ccbd76814a234463a87a25acf,train
audio/JE_n30.wav,JE_n30.wav,2,JE,30,neutral,4,16000,1,3.6879,59006,118056,74845294a3f630f7c901cc3f0e2438effc8b930c7631bd392c8cb008a3813029,train
audio/JE_sa01.wav,JE_sa01.wav,2,JE,1,sadness,5,16000,1,4.5702,73124,146292,800b88297afd56ff3b655a378474c4638b5278a16d8addb7b97e08123640cada,train
audio/JE_sa02.wav,JE_sa02.wav,2,JE,2,sadness,5,16000,1,3.7107,59371,118786,78ed504df1ab75f0cfa6ab67e26a9c5a6bf788d6692c9cb17f4f14a1806b2e82,train
audio/JE_sa03.wav,JE_sa03.wav,2,JE,3,sadness,5,16000,1,2.5367,40587,81218,909945667e57c8ea02bf87c0343d1ee28fb1c4ecf645802f28db1e6a40cfd60d,train
audio/JE_sa04.wav,JE_sa04.wav,2,JE,4,sadness,5,16000,1,5.0314,80503,161050,4ee30785f5da14953cfef0f48f3197fd448e910dd50926b057c3a1a953982a4b,train
audio/JE_sa05.wav,JE_sa05.wav,2,JE,5,sadness,5,16000,1,4.8323,77317,154678,45a86b9697579e49e608c33cf9f47c831fc1948f5c53b44f127a366e032cb943,train
audio/JE_sa06.wav,JE_sa06.wav,2,JE,6,sadness,5,16000,1,4.4025,70440,140924,85cafb562ecbb52a00abfc198c5ba0588112d5d98de46fea91fb8ab7b46307a0,train
audio/JE_sa07.wav,JE_sa07.wav,2,JE,7,sadness,5,16000,1,3.4401,55042,110128,6b8ca3e8fece9a224c1caa28d9c0fd8e1fb336d616d2fc8e7de4b856860ac890,train
audio/JE_sa08.wav,JE_sa08.wav,2,JE,8,sadness,5,16000,1,4.1333,66132,132308,2eb89c05bac6aa43f0d16b172ee56040c704fecc2b43270b30ce8cf4115abc73,train
audio/JE_sa09.wav,JE_sa09.wav,2,JE,9,sadness,5,16000,1,3.6949,59119,118282,3d4ed256f8a3298edbccb9b9ce60911cee8131680fd9efb1dd17e902c308c2b3,train
audio/JE_sa10.wav,JE_sa10.wav,2,JE,10,sadness,5,16000,1,5.3197,85115,170274,a6a83e5a14f9f6203a674f73447a145e9e6042cd93b0d0489c2f629ead9337f7,train
audio/JE_sa11.wav,JE_sa11.wav,2,JE,11,sadness,5,16000,1,5.9334,94935,189914,c38ff365cc2b7786a56edbd56be67cdb32509bccfb3e50e687ed5a4e30619b67,train
audio/JE_sa12.wav,JE_sa12.wav,2,JE,12,sadness,5,16000,1,5.3907,86252,172548,b166d415127b50da13edcaed4f8bf3f3a7125ef655698695365680bed1e3b595,train
audio/JE_sa13.wav,JE_sa13.wav,2,JE,13,sadness,5,16000,1,6.0058,96093,192230,9887b72b75b55617ea668468a3cb8a6b5ffae758c8f601f186e92bfdc31815af,train
audio/JE_sa14.wav,JE_sa14.wav,2,JE,14,sadness,5,16000,1,7.1387,114220,228484,923a3c0a3f401d3b480c3eb8b431af6f0948f636eee0a165db12b081414b07a7,train
audio/JE_sa15.wav,JE_sa15.wav,2,JE,15,sadness,5,16000,1,6.2428,99884,199812,cef0ad456f5d9ddedc4e340328e53a6cb45d6e068cc478617eafae8cf59a90d9,train
audio/JE_su01.wav,JE_su01.wav,2,JE,1,surprise,6,16000,1,4.2598,68156,136356,42a2021952b8820faea59273d8bf7d8d7f9a56e1c0cf3e51790d68e4014ce6ee,train
audio/JE_su02.wav,JE_su02.wav,2,JE,2,surprise,6,16000,1,3.8095,60952,121948,31ea4dfb81045f3ed891ec3ff193494ca1dceedf078fc294fe5608ed442db28c,train
audio/JE_su03.wav,JE_su03.wav,2,JE,3,surprise,6,16000,1,2.9091,46545,93134,f2774bb990c0b9bee005e0feb5d656cff73a0de40c3c4df3675f1d9ef5c726bc,train
audio/JE_su04.wav,JE_su04.wav,2,JE,4,surprise,6,16000,1,4.1905,67048,134140,198f00c29059ea831f649efe06d06014bf8a50cbb14d385ae6013f21757910ce,train
audio/JE_su05.wav,JE_su05.wav,2,JE,5,surprise,6,16000,1,3.7403,59844,119732,66ee2499445f8786c2b8e39e7a6503c76ac4f3a2c03daae9ee8dd28e7fe08424,train
audio/JE_su06.wav,JE_su06.wav,2,JE,6,surprise,6,16000,1,3.415,54640,109324,d14b9a7456f9342161178511adb25d1704f1d7d058928bff459cabeeae24cffd,train
audio/JE_su07.wav,JE_su07.wav,2,JE,7,surprise,6,16000,1,4.4092,70547,141138,b93d9356112c253708110877509827f3f39fdb3e8c471e71b412c8fa36323dc5,train
audio/JE_su08.wav,JE_su08.wav,2,JE,8,surprise,6,16000,1,4.8415,77464,154972,dd441071dc2533f3a8ba1df4437a1975ad1c25760cf1849b568165b93dbed4b1,train
audio/JE_su09.wav,JE_su09.wav,2,JE,9,surprise,6,16000,1,3.9337,62940,125924,237a6ee6cd0f116a19e0d92de7c439ae24438ad5a71757dd32e8bb0ddf661bc2,train
audio/JE_su10.wav,JE_su10.wav,2,JE,10,surprise,6,16000,1,4.1931,67089,134222,6689d400b9d1b0d53679fa7939c9ad326bbfe68c8ca4af3c570ce4b70e366c2d,train
audio/JE_su11.wav,JE_su11.wav,2,JE,11,surprise,6,16000,1,3.6364,58182,116408,4914d6d4fe977ed430428997eed0cadc43d4b35ac54c17831b6b6b8dc9311488,train
audio/JE_su12.wav,JE_su12.wav,2,JE,12,surprise,6,16000,1,5.6694,90710,181464,29947199e61fb17e7facb8ccf68ff4743ba015ce9da55449fa2f7d32eeaafb88,train
audio/JE_su13.wav,JE_su13.wav,2,JE,13,surprise,6,16000,1,4.9249,78798,157640,e6e975bbabf2611a8fd4dc65ff6847e54073acdfa456189de0bbf2e19ff6e51e,train
audio/JE_su14.wav,JE_su14.wav,2,JE,14,surprise,6,16000,1,5.3525,85640,171324,a0b1213b35c01cf3c6d12d629e12a89c63dc9fef96eeed98df6c1694b4c769ee,train
audio/JE_su15.wav,JE_su15.wav,2,JE,15,surprise,6,16000,1,6.1295,98072,196188,ea23673fde02fd5d2db42576aafa76297231df8753218fa5475b50c87a2de797,train
