filepath,filename,emotion,label,actor_id,sample_rate,num_channels,duration,dataset,source,split
audio/hindi_00433.wav,hindi_00433.wav,calm,1,hi_spk05,16000,1,8.0,hindi,sarthwa8,train
audio/hindi_00555.wav,hindi_00555.wav,neutral,0,hi_spk07,16000,1,8.0,hindi,sarthwa8,train
audio/hindi_00169.wav,hindi_00169.wav,sad,3,hi_kahanisuno,16000,1,7.6,hindi,vaani,train
audio/hindi_00452.wav,hindi_00452.wav,calm,1,hi_spk05,16000,1,8.0,hindi,sarthwa8,train
audio/hindi_00422.wav,hindi_00422.wav,calm,1,hi_spk05,16000,1,8.0,hindi,sarthwa8,train
audio/hindi_00794.wav,hindi_00794.wav,neutral,0,rapidorc_spk_1,16000,1,8.0,hindi,rapidorc,train
audio/hindi_00148.wav,hindi_00148.wav,angry,4,hi_kahanisuno,16000,1,8.0,hindi,vaani,train
audio/hindi_00378.wav,hindi_00378.wav,neutral,0,hi_spk04,16000,1,8.0,hindi,sarthwa8,train
audio/hindi_00570.wav,hindi_00570.wav,calm,1,hi_spk07,16000,1,8.0,hindi,sarthwa8,train
audio/hindi_00376.wav,hindi_00376.wav,neutral,0,hi_spk04,16000,1,2.517,hindi,sarthwa8,train
audio/hindi_00172.wav,hindi_00172.wav,angry,4,hi_kahanisuno,16000,1,8.0,hindi,vaani,train
audio/hindi_00688.wav,hindi_00688.wav,calm,1,rapidorc_spk_2,16000,1,8.0,hindi,rapidorc,train
audio/hindi_00665.wav,hindi_00665.wav,calm,1,rapidorc_spk_4,16000,1,8.0,hindi,rapidorc,train
audio/hindi_00254.wav,hindi_00254.wav,sad,3,hi_kahanisuno,16000,1,7.0,hindi,vaani,train
audio/hindi_00178.wav,hindi_00178.wav,neutral,0,hi_kahanisuno,16000,1,8.0,hindi,vaani,train
audio/hindi_00726.wav,hindi_00726.wav,happy,2,rapidorc_spk_2,16000,1,8.0,hindi,rapidorc,train
audio/hindi_00630.wav,hindi_00630.wav,angry,4,rapidorc_spk_4,16000,1,8.0,hindi,rapidorc,train
audio/hindi_00711.wav,hindi_00711.wav,happy,2,rapidorc_spk_1,16000,1,8.0,hindi,rapidorc,train
audio/hindi_00431.wav,hindi_00431.wav,calm,1,hi_spk05,16000,1,5.051,hindi,sarthwa8,train
audio/hindi_00299.wav,hindi_00299.wav,calm,1,hi_spk02,16000,1,2.768,hindi,sarthwa8,train
audio/hindi_00609.wav,hindi_00609.wav,angry,4,rapidorc_spk_2,16000,1,8.0,hindi,rapidorc,train
audio/hindi_00504.wav,hindi_00504.wav,neutral,0,hi_spk06,16000,1,3.645,hindi,sarthwa8,train
audio/hindi_00462.wav,hindi_00462.wav,sad,3,hi_spk05,16000,1,8.0,hindi,sarthwa8,train
audio/hindi_00852.wav,hindi_00852.wav,sad,3,rapidorc_spk_3,16000,1,8.0,hindi,rapidorc,train
audio/hindi_00084.wav,hindi_00084.wav,neutral,0,hi_kahanisuno,16000,1,7.4,hindi,vaani,train
audio/hindi_00025.wav,hindi_00025.wav,neutral,0,hi_kahanisuno,16000,1,8.0,hindi,vaani,train
audio/hindi_00646.wav,hindi_00646.wav,angry,4,rapidorc_spk_1,16000,1,8.0,hindi,rapidorc,train
audio/hindi_00677.wav,hindi_00677.wav,calm,1,rapidorc_spk_1,16000,1,8.0,hindi,rapidorc,train
audio/hindi_00595.wav,hindi_00595.wav,sad,3,hi_spk07,16000,1,8.0,hindi,sarthwa8,train
audio/hindi_00365.wav,hindi_00365.wav,neutral,0,hi_spk04,16000,1,8.0,hindi,sarthwa8,train
audio/hindi_00447.wav,hindi_00447.wav,sad,3,hi_spk05,16000,1,8.0,hindi,sarthwa8,train
audio/hindi_00458.wav,hindi_00458.wav,calm,1,hi_spk05,16000,1,4.816,hindi,sarthwa8,train
audio/hindi_00584.wav,hindi_00584.wav,calm,1,hi_spk07,16000,1,8.0,hindi,sarthwa8,train
audio/hindi_00774.wav,hindi_00774.wav,neutral,0,rapidorc_spk_4,16000,1,8.0,hindi,rapidorc,train
audio/hindi_00745.wav,hindi_00745.wav,happy,2,rapidorc_spk_4,16000,1,8.0,hindi,rapidorc,train
audio/hindi_00065.wav,hindi_00065.wav,neutral,0,hi_kahanisuno,16000,1,8.0,hindi,vaani,train
audio/hindi_00668.wav,hindi_00668.wav,calm,1,rapidorc_spk_0,16000,1,8.0,hindi,rapidorc,train
audio/hindi_00487.wav,hindi_00487.wav,sad,3,hi_spk05,16000,1,8.0,hindi,sarthwa8,train
audio/hindi_00202.wav,hindi_00202.wav,neutral,0,hi_kahanisuno,16000,1,8.0,hindi,vaani,train
audio/hindi_00092.wav,hindi_00092.wav,neutral,0,hi_kahanisuno,16000,1,8.0,hindi,vaani,train
audio/hindi_00443.wav,hindi_00443.wav,sad,3,hi_spk05,16000,1,8.0,hindi,sarthwa8,train
audio/hindi_00094.wav,hindi_00094.wav,angry,4,hi_kahanisuno,16000,1,7.8,hindi,vaani,train
audio/hindi_00827.wav,hindi_00827.wav,sad,3,rapidorc_spk_0,16000,1,4.0,hindi,rapidorc,train
audio/hindi_00858.wav,hindi_00858.wav,sad,3,rapidorc_spk_4,16000,1,8.0,hindi,rapidorc,train
audio/hindi_00269.wav,hindi_00269.wav,angry,4,hi_kahanisuno,16000,1,8.0,hindi,vaani,train
audio/hindi_00434.wav,hindi_00434.wav,calm,1,hi_spk05,16000,1,8.0,hindi,sarthwa8,train
audio/hindi_00038.wav,hindi_00038.wav,neutral,0,hi_kahanisuno,16000,1,7.8,hindi,vaani,train
audio/hindi_00678.wav,hindi_00678.wav,calm,1,rapidorc_spk_1,16000,1,8.0,hindi,rapidorc,train
audio/hindi_00245.wav,hindi_00245.wav,angry,4,hi_kahanisuno,16000,1,8.0,hindi,vaani,train
audio/hindi_00050.wav,hindi_00050.wav,neutral,0,hi_kahanisuno,16000,1,5.0,hindi,vaani,train
audio/hindi_00113.wav,hindi_00113.wav,neutral,0,hi_kahanisuno,16000,1,8.0,hindi,vaani,train
audio/hindi_00201.wav,hindi_00201.wav,neutral,0,hi_kahanisuno,16000,1,7.2,hindi,vaani,train
audio/hindi_00453.wav,hindi_00453.wav,calm,1,hi_spk05,16000,1,8.0,hindi,sarthwa8,train
audio/hindi_00813.wav,hindi_00813.wav,sad,3,rapidorc_spk_4,16000,1,8.0,hindi,rapidorc,train
audio/hindi_00253.wav,hindi_00253.wav,sad,3,hi_kahanisuno,16000,1,8.0,hindi,vaani,train
audio/hindi_00179.wav,hindi_00179.wav,neutral,0,hi_kahanisuno,16000,1,7.1,hindi,vaani,train
audio/hindi_00472.wav,hindi_00472.wav,happy,2,hi_spk05,16000,1,8.0,hindi,sarthwa8,train
audio/hindi_00421.wav,hindi_00421.wav,calm,1,hi_spk05,16000,1,2.637,hindi,sarthwa8,train
audio/hindi_00669.wav,hindi_00669.wav,calm,1,rapidorc_spk_0,16000,1,8.0,hindi,rapidorc,train
audio/hindi_00708.wav,hindi_00708.wav,happy,2,rapidorc_spk_0,16000,1,8.0,hindi,rapidorc,train
audio/hindi_00683.wav,hindi_00683.wav,calm,1,rapidorc_spk_1,16000,1,8.0,hindi,rapidorc,train
audio/hindi_00666.wav,hindi_00666.wav,calm,1,rapidorc_spk_4,16000,1,8.0,hindi,rapidorc,train
audio/hindi_00508.wav,hindi_00508.wav,sad,3,hi_spk06,16000,1,8.0,hindi,sarthwa8,train
audio/hindi_00164.wav,hindi_00164.wav,sad,3,hi_kahanisuno,16000,1,8.0,hindi,vaani,train
audio/hindi_00833.wav,hindi_00833.wav,sad,3,rapidorc_spk_1,16000,1,8.0,hindi,rapidorc,train
audio/hindi_00645.wav,hindi_00645.wav,angry,4,rapidorc_spk_1,16000,1,8.0,hindi,rapidorc,train
audio/hindi_00488.wav,hindi_00488.wav,sad,3,hi_spk05,16000,1,8.0,hindi,sarthwa8,train
audio/hindi_00322.wav,hindi_00322.wav,neutral,0,hi_spk03,16000,1,8.0,hindi,sarthwa8,train
audio/hindi_00439.wav,hindi_00439.wav,calm,1,hi_spk05,16000,1,8.0,hindi,sarthwa8,train
audio/hindi_00200.wav,hindi_00200.wav,neutral,0,hi_kahanisuno,16000,1,8.0,hindi,vaani,train
audio/hindi_00108.wav,hindi_00108.wav,neutral,0,hi_kahanisuno,16000,1,6.1,hindi,vaani,train
audio/hindi_00649.wav,hindi_00649.wav,angry,4,rapidorc_spk_1,16000,1,4.0,hindi,rapidorc,train
audio/hindi_00188.wav,hindi_00188.wav,neutral,0,hi_kahanisuno,16000,1,8.0,hindi,vaani,train
audio/hindi_00271.wav,hindi_00271.wav,neutral,0,hi_kahanisuno,16000,1,8.0,hindi,vaani,train
audio/hindi_00410.wav,hindi_00410.wav,neutral,0,hi_spk04,16000,1,8.0,hindi,sarthwa8,train
audio/hindi_00838.wav,hindi_00838.wav,sad,3,rapidorc_spk_2,16000,1,8.0,hindi,rapidorc,train
audio/hindi_00459.wav,hindi_00459.wav,sad,3,hi_spk05,16000,1,8.0,hindi,sarthwa8,train
audio/hindi_00721.wav,hindi_00721.wav,happy,2,rapidorc_spk_2,16000,1,8.0,hindi,rapidorc,train
audio/hindi_00816.wav,hindi_00816.wav,sad,3,rapidorc_spk_4,16000,1,8.0,hindi,rapidorc,train
audio/hindi_00352.wav,hindi_00352.wav,neutral,0,hi_spk04,16000,1,8.0,hindi,sarthwa8,train
audio/hindi_00081.wav,hindi_00081.wav,neutral,0,hi_kahanisuno,16000,1,8.0,hindi,vaani,train
audio/hindi_00103.wav,hindi_00103.wav,neutral,0,hi_kahanisuno,16000,1,8.0,hindi,vaani,train
audio/hindi_00359.wav,hindi_00359.wav,neutral,0,hi_spk04,16000,1,8.0,hindi,sarthwa8,train
audio/hindi_00240.wav,hindi_00240.wav,neutral,0,hi_kahanisuno,16000,1,5.8,hindi,vaani,train
audio/hindi_00642.wav,hindi_00642.wav,angry,4,rapidorc_spk_1,16000,1,8.0,hindi,rapidorc,train
audio/hindi_00250.wav,hindi_00250.wav,angry,4,hi_kahanisuno,16000,1,8.0,hindi,vaani,train
audio/hindi_00490.wav,hindi_00490.wav,calm,1,hi_spk05,16000,1,8.0,hindi,sarthwa8,train
audio/hindi_00755.wav,hindi_00755.wav,happy,2,rapidorc_spk_0,16000,1,4.0,hindi,rapidorc,train
audio/hindi_00304.wav,hindi_00304.wav,sad,3,hi_spk02,16000,1,7.632,hindi,sarthwa8,train
audio/hindi_00744.wav,hindi_00744.wav,happy,2,rapidorc_spk_4,16000,1,8.0,hindi,rapidorc,train
audio/hindi_00754.wav,hindi_00754.wav,happy,2,rapidorc_spk_0,16000,1,8.0,hindi,rapidorc,train
audio/hindi_00291.wav,hindi_00291.wav,sad,3,hi_spk02,16000,1,8.0,hindi,sarthwa8,train
audio/hindi_00626.wav,hindi_00626.wav,angry,4,rapidorc_spk_4,16000,1,8.0,hindi,rapidorc,train
audio/hindi_00411.wav,hindi_00411.wav,neutral,0,hi_spk04,16000,1,8.0,hindi,sarthwa8,train
audio/hindi_00012.wav,hindi_00012.wav,neutral,0,hi_kahanisuno,16000,1,6.1,hindi,vaani,train
audio/hindi_00756.wav,hindi_00756.wav,neutral,0,rapidorc_spk_2,16000,1,8.0,hindi,rapidorc,train
audio/hindi_00285.wav,hindi_00285.wav,happy,2,hi_spk02,16000,1,8.0,hindi,sarthwa8,train
audio/hindi_00217.wav,hindi_00217.wav,angry,4,hi_kahanisuno,16000,1,8.0,hindi,vaani,train
audio/hindi_00319.wav,hindi_00319.wav,neutral,0,hi_spk03,16000,1,8.0,hindi,sarthwa8,train
audio/hindi_00684.wav,hindi_00684.wav,calm,1,rapidorc_spk_1,16000,1,8.0,hindi,rapidorc,train
audio/hindi_00670.wav,hindi_00670.wav,calm,1,rapidorc_spk_0,16000,1,8.0,hindi,rapidorc,train
audio/hindi_00719.wav,hindi_00719.wav,happy,2,rapidorc_spk_1,16000,1,4.0,hindi,rapidorc,train
audio/hindi_00846.wav,hindi_00846.wav,sad,3,rapidorc_spk_3,16000,1,8.0,hindi,rapidorc,train
audio/hindi_00026.wav,hindi_00026.wav,neutral,0,hi_kahanisuno,16000,1,5.9,hindi,vaani,train
audio/hindi_00417.wav,hindi_00417.wav,calm,1,hi_spk05,16000,1,8.0,hindi,sarthwa8,train
audio/hindi_00765.wav,hindi_00765.wav,neutral,0,rapidorc_spk_3,16000,1,8.0,hindi,rapidorc,train
audio/hindi_00284.wav,hindi_00284.wav,calm,1,hi_spk02,16000,1,4.381,hindi,sarthwa8,train
audio/hindi_00049.wav,hindi_00049.wav,neutral,0,hi_kahanisuno,16000,1,8.0,hindi,vaani,train
audio/hindi_00806.wav,hindi_00806.wav,neutral,0,rapidorc_spk_2,16000,1,8.0,hindi,rapidorc,train
audio/hindi_00159.wav,hindi_00159.wav,sad,3,hi_kahanisuno,16000,1,7.5,hindi,vaani,train
audio/hindi_00289.wav,hindi_00289.wav,happy,2,hi_spk02,16000,1,4.325,hindi,sarthwa8,train
audio/hindi_00767.wav,hindi_00767.wav,neutral,0,rapidorc_spk_3,16000,1,8.0,hindi,rapidorc,train
audio/hindi_00776.wav,hindi_00776.wav,neutral,0,rapidorc_spk_4,16000,1,8.0,hindi,rapidorc,train
audio/hindi_00020.wav,hindi_00020.wav,sad,3,hi_kahanisuno,16000,1,5.5,hindi,vaani,train
audio/hindi_00394.wav,hindi_00394.wav,neutral,0,hi_spk04,16000,1,8.0,hindi,sarthwa8,train
audio/hindi_00549.wav,hindi_00549.wav,neutral,0,hi_spk07,16000,1,8.0,hindi,sarthwa8,train
audio/hindi_00801.wav,hindi_00801.wav,neutral,0,rapidorc_spk_2,16000,1,8.0,hindi,rapidorc,train
audio/hindi_00497.wav,hindi_00497.wav,calm,1,hi_spk05,16000,1,8.0,hindi,sarthwa8,train
audio/hindi_00185.wav,hindi_00185.wav,sad,3,hi_kahanisuno,16000,1,6.7,hindi,vaani,train
audio/hindi_00548.wav,hindi_00548.wav,neutral,0,hi_spk07,16000,1,8.0,hindi,sarthwa8,train
audio/hindi_00653.wav,hindi_00653.wav,calm,1,rapidorc_spk_3,16000,1,8.0,hindi,rapidorc,train
audio/hindi_00021.wav,hindi_00021.wav,angry,4,hi_kahanisuno,16000,1,8.0,hindi,vaani,train
audio/hindi_00258.wav,hindi_00258.wav,neutral,0,hi_kahanisuno,16000,1,4.4,hindi,vaani,train
audio/hindi_00324.wav,hindi_00324.wav,sad,3,hi_spk03,16000,1,8.0,hindi,sarthwa8,train
audio/hindi_00287.wav,hindi_00287.wav,happy,2,hi_spk02,16000,1,8.0,hindi,sarthwa8,train
audio/hindi_00681.wav,hindi_00681.wav,calm,1,rapidorc_spk_1,16000,1,8.0,hindi,rapidorc,train
audio/hindi_00294.wav,hindi_00294.wav,sad,3,hi_spk02,16000,1,6.523,hindi,sarthwa8,train
audio/hindi_00114.wav,hindi_00114.wav,neutral,0,hi_kahanisuno,16000,1,7.0,hindi,vaani,train
audio/hindi_00823.wav,hindi_00823.wav,sad,3,rapidorc_spk_0,16000,1,8.0,hindi,rapidorc,train
audio/hindi_00560.wav,hindi_00560.wav,neutral,0,hi_spk07,16000,1,8.0,hindi,sarthwa8,train
audio/hindi_00317.wav,hindi_00317.wav,calm,1,hi_spk03,16000,1,8.0,hindi,sarthwa8,train
audio/hindi_00395.wav,hindi_00395.wav,neutral,0,hi_spk04,16000,1,8.0,hindi,sarthwa8,train
audio/hindi_00437.wav,hindi_00437.wav,calm,1,hi_spk05,16000,1,8.0,hindi,sarthwa8,train
audio/hindi_00340.wav,hindi_00340.wav,calm,1,hi_spk04,16000,1,6.2,hindi,sarthwa8,train
audio/hindi_00761.wav,hindi_00761.wav,neutral,0,rapidorc_spk_2,16000,1,8.0,hindi,rapidorc,train
audio/hindi_00747.wav,hindi_00747.wav,happy,2,rapidorc_spk_0,16000,1,8.0,hindi,rapidorc,train
audio/hindi_00650.wav,hindi_00650.wav,calm,1,rapidorc_spk_3,16000,1,8.0,hindi,rapidorc,train
audio/hindi_00582.wav,hindi_00582.wav,calm,1,hi_spk07,16000,1,8.0,hindi,sarthwa8,train
audio/hindi_00004.wav,hindi_00004.wav,neutral,0,hi_kahanisuno,16000,1,4.1,hindi,vaani,train
audio/hindi_00615.wav,hindi_00615.wav,angry,4,rapidorc_spk_3,16000,1,8.0,hindi,rapidorc,train
audio/hindi_00039.wav,hindi_00039.wav,angry,4,hi_kahanisuno,16000,1,8.0,hindi,vaani,train
audio/hindi_00714.wav,hindi_00714.wav,happy,2,rapidorc_spk_1,16000,1,8.0,hindi,rapidorc,train
audio/hindi_00698.wav,hindi_00698.wav,calm,1,rapidorc_spk_3,16000,1,8.0,hindi,rapidorc,train
audio/hindi_00347.wav,hindi_00347.wav,calm,1,hi_spk04,16000,1,8.0,hindi,sarthwa8,train
audio/hindi_00524.wav,hindi_00524.wav,sad,3,hi_spk06,16000,1,8.0,hindi,sarthwa8,train
audio/hindi_00572.wav,hindi_00572.wav,calm,1,hi_spk07,16000,1,8.0,hindi,sarthwa8,train
audio/hindi_00534.wav,hindi_00534.wav,neutral,0,hi_spk07,16000,1,8.0,hindi,sarthwa8,train
audio/hindi_00578.wav,hindi_00578.wav,neutral,0,hi_spk08,16000,1,8.0,hindi,sarthwa8,train
audio/hindi_00623.wav,hindi_00623.wav,angry,4,rapidorc_spk_4,16000,1,8.0,hindi,rapidorc,train
audio/hindi_00216.wav,hindi_00216.wav,angry,4,hi_kahanisuno,16000,1,8.0,hindi,vaani,train
audio/hindi_00028.wav,hindi_00028.wav,sad,3,hi_kahanisuno,16000,1,8.0,hindi,vaani,train
audio/hindi_00841.wav,hindi_00841.wav,sad,3,rapidorc_spk_2,16000,1,8.0,hindi,rapidorc,train
audio/hindi_00805.wav,hindi_00805.wav,neutral,0,rapidorc_spk_2,16000,1,8.0,hindi,rapidorc,train
audio/hindi_00207.wav,hindi_00207.wav,neutral,0,hi_kahanisuno,16000,1,7.1,hindi,vaani,train
audio/hindi_00199.wav,hindi_00199.wav,sad,3,hi_kahanisuno,16000,1,7.1,hindi,vaani,train
audio/hindi_00313.wav,hindi_00313.wav,neutral,0,hi_spk01,16000,1,6.78,hindi,sarthwa8,train
audio/hindi_00170.wav,hindi_00170.wav,angry,4,hi_kahanisuno,16000,1,8.0,hindi,vaani,train
audio/hindi_00759.wav,hindi_00759.wav,neutral,0,rapidorc_spk_2,16000,1,8.0,hindi,rapidorc,train
audio/hindi_00493.wav,hindi_00493.wav,calm,1,hi_spk05,16000,1,8.0,hindi,sarthwa8,train
audio/hindi_00418.wav,hindi_00418.wav,calm,1,hi_spk05,16000,1,8.0,hindi,sarthwa8,train
audio/hindi_00235.wav,hindi_00235.wav,neutral,0,hi_kahanisuno,16000,1,8.0,hindi,vaani,train
audio/hindi_00734.wav,hindi_00734.wav,happy,2,rapidorc_spk_3,16000,1,8.0,hindi,rapidorc,train
audio/hindi_00105.wav,hindi_00105.wav,angry,4,hi_kahanisuno,16000,1,8.0,hindi,vaani,train
audio/hindi_00401.wav,hindi_00401.wav,neutral,0,hi_spk04,16000,1,8.0,hindi,sarthwa8,train
audio/hindi_00008.wav,hindi_00008.wav,neutral,0,hi_kahanisuno,16000,1,7.7,hindi,vaani,train
audio/hindi_00661.wav,hindi_00661.wav,calm,1,rapidorc_spk_4,16000,1,8.0,hindi,rapidorc,train
audio/hindi_00390.wav,hindi_00390.wav,neutral,0,hi_spk04,16000,1,6.635,hindi,sarthwa8,train
audio/hindi_00181.wav,hindi_00181.wav,neutral,0,hi_kahanisuno,16000,1,4.3,hindi,vaani,train
audio/hindi_00445.wav,hindi_00445.wav,sad,3,hi_spk05,16000,1,5.733,hindi,sarthwa8,train
audio/hindi_00055.wav,hindi_00055.wav,neutral,0,hi_kahanisuno,16000,1,8.0,hindi,vaani,train
audio/hindi_00058.wav,hindi_00058.wav,neutral,0,hi_kahanisuno,16000,1,8.0,hindi,vaani,train
audio/hindi_00006.wav,hindi_00006.wav,neutral,0,hi_kahanisuno,16000,1,6.0,hindi,vaani,train
audio/hindi_00444.wav,hindi_00444.wav,sad,3,hi_spk05,16000,1,8.0,hindi,sarthwa8,train
audio/hindi_00386.wav,hindi_00386.wav,neutral,0,hi_spk04,16000,1,8.0,hindi,sarthwa8,train
audio/hindi_00660.wav,hindi_00660.wav,calm,1,rapidorc_spk_4,16000,1,8.0,hindi,rapidorc,train
audio/hindi_00106.wav,hindi_00106.wav,angry,4,hi_kahanisuno,16000,1,7.8,hindi,vaani,train
audio/hindi_00519.wav,hindi_00519.wav,sad,3,hi_spk06,16000,1,8.0,hindi,sarthwa8,train
audio/hindi_00613.wav,hindi_00613.wav,angry,4,rapidorc_spk_2,16000,1,4.0,hindi,rapidorc,train
audio/hindi_00314.wav,hindi_00314.wav,calm,1,hi_spk03,16000,1,8.0,hindi,sarthwa8,train
audio/hindi_00351.wav,hindi_00351.wav,neutral,0,hi_spk04,16000,1,8.0,hindi,sarthwa8,train
audio/hindi_00182.wav,hindi_00182.wav,calm,1,hi_kahanisuno,16000,1,8.0,hindi,vaani,train
audio/hindi_00797.wav,hindi_00797.wav,neutral,0,rapidorc_spk_1,16000,1,8.0,hindi,rapidorc,train
audio/hindi_00847.wav,hindi_00847.wav,sad,3,rapidorc_spk_3,16000,1,8.0,hindi,rapidorc,train
audio/hindi_00060.wav,hindi_00060.wav,neutral,0,hi_kahanisuno,16000,1,7.2,hindi,vaani,train
audio/hindi_00399.wav,hindi_00399.wav,neutral,0,hi_spk04,16000,1,8.0,hindi,sarthwa8,train
audio/hindi_00098.wav,hindi_00098.wav,neutral,0,hi_kahanisuno,16000,1,7.6,hindi,vaani,train
audio/hindi_00312.wav,hindi_00312.wav,neutral,0,hi_spk01,16000,1,8.0,hindi,sarthwa8,train
audio/hindi_00301.wav,hindi_00301.wav,sad,3,hi_spk02,16000,1,8.0,hindi,sarthwa8,train
audio/hindi_00279.wav,hindi_00279.wav,neutral,0,hi_spk01,16000,1,4.087,hindi,sarthwa8,train
audio/hindi_00375.wav,hindi_00375.wav,neutral,0,hi_spk04,16000,1,8.0,hindi,sarthwa8,train
audio/hindi_00176.wav,hindi_00176.wav,sad,3,hi_kahanisuno,16000,1,8.0,hindi,vaani,train
audio/hindi_00510.wav,hindi_00510.wav,sad,3,hi_spk06,16000,1,8.0,hindi,sarthwa8,train
audio/hindi_00328.wav,hindi_00328.wav,angry,4,hi_spk03,16000,1,8.0,hindi,sarthwa8,train
audio/hindi_00716.wav,hindi_00716.wav,happy,2,rapidorc_spk_1,16000,1,8.0,hindi,rapidorc,train
audio/hindi_00363.wav,hindi_00363.wav,neutral,0,hi_spk04,16000,1,8.0,hindi,sarthwa8,train
audio/hindi_00272.wav,hindi_00272.wav,neutral,0,hi_kahanisuno,16000,1,7.5,hindi,vaani,train
audio/hindi_00485.wav,hindi_00485.wav,sad,3,hi_spk05,16000,1,8.0,hindi,sarthwa8,train
audio/hindi_00034.wav,hindi_00034.wav,neutral,0,hi_kahanisuno,16000,1,6.8,hindi,vaani,train
audio/hindi_00345.wav,hindi_00345.wav,neutral,0,hi_spk04,16000,1,8.0,hindi,sarthwa8,train
audio/hindi_00416.wav,hindi_00416.wav,calm,1,hi_spk05,16000,1,8.0,hindi,sarthwa8,train
audio/hindi_00656.wav,hindi_00656.wav,calm,1,rapidorc_spk_3,16000,1,8.0,hindi,rapidorc,train
audio/hindi_00255.wav,hindi_00255.wav,neutral,0,hi_kahanisuno,16000,1,8.0,hindi,vaani,train
audio/hindi_00221.wav,hindi_00221.wav,neutral,0,hi_kahanisuno,16000,1,8.0,hindi,vaani,train
audio/hindi_00476.wav,hindi_00476.wav,calm,1,hi_spk05,16000,1,8.0,hindi,sarthwa8,train
audio/hindi_00718.wav,hindi_00718.wav,happy,2,rapidorc_spk_1,16000,1,8.0,hindi,rapidorc,train
audio/hindi_00541.wav,hindi_00541.wav,neutral,0,hi_spk07,16000,1,8.0,hindi,sarthwa8,train
audio/hindi_00528.wav,hindi_00528.wav,neutral,0,hi_spk07,16000,1,8.0,hindi,sarthwa8,train
audio/hindi_00243.wav,hindi_00243.wav,neutral,0,hi_kahanisuno,16000,1,8.0,hindi,vaani,train
audio/hindi_00415.wav,hindi_00415.wav,neutral,0,hi_spk04,16000,1,6.851,hindi,sarthwa8,train
audio/hindi_00791.wav,hindi_00791.wav,neutral,0,rapidorc_spk_0,16000,1,4.0,hindi,rapidorc,train
audio/hindi_00562.wav,hindi_00562.wav,neutral,0,hi_spk07,16000,1,8.0,hindi,sarthwa8,train
audio/hindi_00152.wav,hindi_00152.wav,sad,3,hi_kahanisuno,16000,1,8.0,hindi,vaani,train
audio/hindi_00486.wav,hindi_00486.wav,sad,3,hi_spk05,16000,1,8.0,hindi,sarthwa8,train
audio/hindi_00349.wav,hindi_00349.wav,calm,1,hi_spk04,16000,1,8.0,hindi,sarthwa8,train
audio/hindi_00072.wav,hindi_00072.wav,happy,2,hi_kahanisuno,16000,1,5.1,hindi,vaani,train
audio/hindi_00571.wav,hindi_00571.wav,calm,1,hi_spk07,16000,1,8.0,hindi,sarthwa8,train
audio/hindi_00186.wav,hindi_00186.wav,neutral,0,hi_kahanisuno,16000,1,8.0,hindi,vaani,train
audio/hindi_00329.wav,hindi_00329.wav,angry,4,hi_spk03,16000,1,8.0,hindi,sarthwa8,train
audio/hindi_00461.wav,hindi_00461.wav,sad,3,hi_spk05,16000,1,8.0,hindi,sarthwa8,train
audio/hindi_00192.wav,hindi_00192.wav,angry,4,hi_kahanisuno,16000,1,8.0,hindi,vaani,train
audio/hindi_00695.wav,hindi_00695.wav,calm,1,rapidorc_spk_3,16000,1,8.0,hindi,rapidorc,train
audio/hindi_00267.wav,hindi_00267.wav,sad,3,hi_kahanisuno,16000,1,8.0,hindi,vaani,train
audio/hindi_00032.wav,hindi_00032.wav,angry,4,hi_kahanisuno,16000,1,7.8,hindi,vaani,train
audio/hindi_00115.wav,hindi_00115.wav,neutral,0,hi_kahanisuno,16000,1,8.0,hindi,vaani,train
audio/hindi_00405.wav,hindi_00405.wav,neutral,0,hi_spk04,16000,1,8.0,hindi,sarthwa8,train
audio/hindi_00856.wav,hindi_00856.wav,sad,3,rapidorc_spk_4,16000,1,8.0,hindi,rapidorc,train
audio/hindi_00796.wav,hindi_00796.wav,neutral,0,rapidorc_spk_1,16000,1,8.0,hindi,rapidorc,train
audio/hindi_00577.wav,hindi_00577.wav,neutral,0,hi_spk08,16000,1,8.0,hindi,sarthwa8,train
audio/hindi_00149.wav,hindi_00149.wav,angry,4,hi_kahanisuno,16000,1,7.7,hindi,vaani,train
audio/hindi_00388.wav,hindi_00388.wav,neutral,0,hi_spk04,16000,1,8.0,hindi,sarthwa8,train
audio/hindi_00617.wav,hindi_00617.wav,angry,4,rapidorc_spk_3,16000,1,8.0,hindi,rapidorc,train
audio/hindi_00111.wav,hindi_00111.wav,neutral,0,hi_kahanisuno,16000,1,8.0,hindi,vaani,train
audio/hindi_00743.wav,hindi_00743.wav,happy,2,rapidorc_spk_4,16000,1,8.0,hindi,rapidorc,train
audio/hindi_00300.wav,hindi_00300.wav,sad,3,hi_spk02,16000,1,8.0,hindi,sarthwa8,train
audio/hindi_00851.wav,hindi_00851.wav,sad,3,rapidorc_spk_3,16000,1,8.0,hindi,rapidorc,train
audio/hindi_00611.wav,hindi_00611.wav,angry,4,rapidorc_spk_2,16000,1,8.0,hindi,rapidorc,train
audio/hindi_00016.wav,hindi_00016.wav,neutral,0,hi_kahanisuno,16000,1,5.6,hindi,vaani,train
audio/hindi_00107.wav,hindi_00107.wav,neutral,0,hi_kahanisuno,16000,1,8.0,hindi,vaani,train
audio/hindi_00302.wav,hindi_00302.wav,sad,3,hi_spk02,16000,1,8.0,hindi,sarthwa8,train
audio/hindi_00559.wav,hindi_00559.wav,neutral,0,hi_spk07,16000,1,8.0,hindi,sarthwa8,train
audio/hindi_00547.wav,hindi_00547.wav,neutral,0,hi_spk07,16000,1,8.0,hindi,sarthwa8,train
audio/hindi_00321.wav,hindi_00321.wav,neutral,0,hi_spk03,16000,1,8.0,hindi,sarthwa8,train
audio/hindi_00792.wav,hindi_00792.wav,neutral,0,rapidorc_spk_1,16000,1,8.0,hindi,rapidorc,train
audio/hindi_00659.wav,hindi_00659.wav,calm,1,rapidorc_spk_4,16000,1,8.0,hindi,rapidorc,train
audio/hindi_00467.wav,hindi_00467.wav,calm,1,hi_spk05,16000,1,8.0,hindi,sarthwa8,train
audio/hindi_00789.wav,hindi_00789.wav,neutral,0,rapidorc_spk_0,16000,1,8.0,hindi,rapidorc,train
audio/hindi_00242.wav,hindi_00242.wav,neutral,0,hi_kahanisuno,16000,1,6.5,hindi,vaani,train
audio/hindi_00122.wav,hindi_00122.wav,neutral,0,hi_kahanisuno,16000,1,5.3,hindi,vaani,train
audio/hindi_00224.wav,hindi_00224.wav,calm,1,hi_kahanisuno,16000,1,7.2,hindi,vaani,train
audio/hindi_00100.wav,hindi_00100.wav,angry,4,hi_kahanisuno,16000,1,8.0,hindi,vaani,train
audio/hindi_00505.wav,hindi_00505.wav,calm,1,hi_spk06,16000,1,8.0,hindi,sarthwa8,train
audio/hindi_00621.wav,hindi_00621.wav,angry,4,rapidorc_spk_3,16000,1,8.0,hindi,rapidorc,train
audio/hindi_00450.wav,hindi_00450.wav,calm,1,hi_spk05,16000,1,8.0,hindi,sarthwa8,train
audio/hindi_00123.wav,hindi_00123.wav,neutral,0,hi_kahanisuno,16000,1,8.0,hindi,vaani,train
audio/hindi_00599.wav,hindi_00599.wav,angry,4,rapidorc_spk_1,16000,1,8.0,hindi,rapidorc,train
audio/hindi_00141.wav,hindi_00141.wav,angry,4,hi_kahanisuno,16000,1,7.9,hindi,vaani,train
audio/hindi_00180.wav,hindi_00180.wav,neutral,0,hi_kahanisuno,16000,1,8.0,hindi,vaani,train
audio/hindi_00722.wav,hindi_00722.wav,happy,2,rapidorc_spk_2,16000,1,8.0,hindi,rapidorc,train
audio/hindi_00232.wav,hindi_00232.wav,angry,4,hi_kahanisuno,16000,1,5.7,hindi,vaani,train
audio/hindi_00783.wav,hindi_00783.wav,neutral,0,rapidorc_spk_0,16000,1,8.0,hindi,rapidorc,train
audio/hindi_00412.wav,hindi_00412.wav,neutral,0,hi_spk04,16000,1,8.0,hindi,sarthwa8,train
audio/hindi_00379.wav,hindi_00379.wav,neutral,0,hi_spk04,16000,1,8.0,hindi,sarthwa8,train
audio/hindi_00820.wav,hindi_00820.wav,sad,3,rapidorc_spk_0,16000,1,8.0,hindi,rapidorc,train
audio/hindi_00725.wav,hindi_00725.wav,happy,2,rapidorc_spk_2,16000,1,8.0,hindi,rapidorc,train
audio/hindi_00097.wav,hindi_00097.wav,neutral,0,hi_kahanisuno,16000,1,8.0,hindi,vaani,train
audio/hindi_00292.wav,hindi_00292.wav,sad,3,hi_spk02,16000,1,8.0,hindi,sarthwa8,train
audio/hindi_00063.wav,hindi_00063.wav,neutral,0,hi_kahanisuno,16000,1,8.0,hindi,vaani,train
audio/hindi_00481.wav,hindi_00481.wav,calm,1,hi_spk05,16000,1,8.0,hindi,sarthwa8,train
audio/hindi_00483.wav,hindi_00483.wav,calm,1,hi_spk05,16000,1,5.328,hindi,sarthwa8,train
audio/hindi_00563.wav,hindi_00563.wav,neutral,0,hi_spk07,16000,1,8.0,hindi,sarthwa8,train
audio/hindi_00531.wav,hindi_00531.wav,neutral,0,hi_spk07,16000,1,8.0,hindi,sarthwa8,train
audio/hindi_00366.wav,hindi_00366.wav,neutral,0,hi_spk04,16000,1,8.0,hindi,sarthwa8,train
audio/hindi_00639.wav,hindi_00639.wav,angry,4,rapidorc_spk_0,16000,1,8.0,hindi,rapidorc,train
audio/hindi_00266.wav,hindi_00266.wav,angry,4,hi_kahanisuno,16000,1,5.3,hindi,vaani,train
audio/hindi_00110.wav,hindi_00110.wav,sad,3,hi_kahanisuno,16000,1,6.8,hindi,vaani,train
audio/hindi_00222.wav,hindi_00222.wav,neutral,0,hi_kahanisuno,16000,1,7.0,hindi,vaani,train
audio/hindi_00404.wav,hindi_00404.wav,neutral,0,hi_spk04,16000,1,8.0,hindi,sarthwa8,train
audio/hindi_00625.wav,hindi_00625.wav,angry,4,rapidorc_spk_4,16000,1,8.0,hindi,rapidorc,train
audio/hindi_00193.wav,hindi_00193.wav,angry,4,hi_kahanisuno,16000,1,5.6,hindi,vaani,train
audio/hindi_00824.wav,hindi_00824.wav,sad,3,rapidorc_spk_0,16000,1,8.0,hindi,rapidorc,train
audio/hindi_00526.wav,hindi_00526.wav,sad,3,hi_spk06,16000,1,6.228,hindi,sarthwa8,train
audio/hindi_00598.wav,hindi_00598.wav,angry,4,rapidorc_spk_1,16000,1,8.0,hindi,rapidorc,train
audio/hindi_00592.wav,hindi_00592.wav,sad,3,hi_spk07,16000,1,8.0,hindi,sarthwa8,train
audio/hindi_00191.wav,hindi_00191.wav,neutral,0,hi_kahanisuno,16000,1,6.7,hindi,vaani,train
audio/hindi_00311.wav,hindi_00311.wav,neutral,0,hi_spk01,16000,1,8.0,hindi,sarthwa8,train
audio/hindi_00003.wav,hindi_00003.wav,neutral,0,hi_kahanisuno,16000,1,8.0,hindi,vaani,train
audio/hindi_00069.wav,hindi_00069.wav,neutral,0,hi_kahanisuno,16000,1,8.0,hindi,vaani,train
audio/hindi_00046.wav,hindi_00046.wav,happy,2,hi_kahanisuno,16000,1,8.0,hindi,vaani,train
audio/hindi_00120.wav,hindi_00120.wav,angry,4,hi_kahanisuno,16000,1,8.0,hindi,vaani,train
audio/hindi_00334.wav,hindi_00334.wav,sad,3,hi_spk03,16000,1,8.0,hindi,sarthwa8,train
audio/hindi_00784.wav,hindi_00784.wav,neutral,0,rapidorc_spk_0,16000,1,8.0,hindi,rapidorc,train
audio/hindi_00629.wav,hindi_00629.wav,angry,4,rapidorc_spk_4,16000,1,8.0,hindi,rapidorc,train
audio/hindi_00741.wav,hindi_00741.wav,happy,2,rapidorc_spk_4,16000,1,8.0,hindi,rapidorc,train
audio/hindi_00607.wav,hindi_00607.wav,angry,4,rapidorc_spk_2,16000,1,8.0,hindi,rapidorc,train
audio/hindi_00569.wav,hindi_00569.wav,calm,1,hi_spk07,16000,1,8.0,hindi,sarthwa8,train
audio/hindi_00707.wav,hindi_00707.wav,happy,2,rapidorc_spk_0,16000,1,8.0,hindi,rapidorc,train
audio/hindi_00335.wav,hindi_00335.wav,sad,3,hi_spk03,16000,1,8.0,hindi,sarthwa8,train
audio/hindi_00691.wav,hindi_00691.wav,calm,1,rapidorc_spk_2,16000,1,8.0,hindi,rapidorc,train
audio/hindi_00845.wav,hindi_00845.wav,sad,3,rapidorc_spk_3,16000,1,8.0,hindi,rapidorc,train
audio/hindi_00516.wav,hindi_00516.wav,neutral,0,hi_spk06,16000,1,8.0,hindi,sarthwa8,train
audio/hindi_00730.wav,hindi_00730.wav,happy,2,rapidorc_spk_3,16000,1,8.0,hindi,rapidorc,train
audio/hindi_00168.wav,hindi_00168.wav,sad,3,hi_kahanisuno,16000,1,8.0,hindi,vaani,train
audio/hindi_00817.wav,hindi_00817.wav,sad,3,rapidorc_spk_4,16000,1,8.0,hindi,rapidorc,train
audio/hindi_00158.wav,hindi_00158.wav,sad,3,hi_kahanisuno,16000,1,8.0,hindi,vaani,train
audio/hindi_00332.wav,hindi_00332.wav,angry,4,hi_spk03,16000,1,8.0,hindi,sarthwa8,train
audio/hindi_00557.wav,hindi_00557.wav,neutral,0,hi_spk07,16000,1,8.0,hindi,sarthwa8,train
audio/hindi_00667.wav,hindi_00667.wav,calm,1,rapidorc_spk_4,16000,1,4.0,hindi,rapidorc,train
audio/hindi_00189.wav,hindi_00189.wav,neutral,0,hi_kahanisuno,16000,1,5.6,hindi,vaani,train
audio/hindi_00694.wav,hindi_00694.wav,calm,1,rapidorc_spk_3,16000,1,8.0,hindi,rapidorc,train
audio/hindi_00133.wav,hindi_00133.wav,neutral,0,hi_kahanisuno,16000,1,7.2,hindi,vaani,train
audio/hindi_00733.wav,hindi_00733.wav,happy,2,rapidorc_spk_3,16000,1,8.0,hindi,rapidorc,train
audio/hindi_00348.wav,hindi_00348.wav,calm,1,hi_spk04,16000,1,8.0,hindi,sarthwa8,train
audio/hindi_00161.wav,hindi_00161.wav,neutral,0,hi_kahanisuno,16000,1,5.5,hindi,vaani,train
audio/hindi_00041.wav,hindi_00041.wav,neutral,0,hi_kahanisuno,16000,1,8.0,hindi,vaani,train
audio/hindi_00442.wav,hindi_00442.wav,sad,3,hi_spk05,16000,1,8.0,hindi,sarthwa8,train
audio/hindi_00377.wav,hindi_00377.wav,neutral,0,hi_spk04,16000,1,8.0,hindi,sarthwa8,train
audio/hindi_00588.wav,hindi_00588.wav,calm,1,hi_spk07,16000,1,8.0,hindi,sarthwa8,train
audio/hindi_00355.wav,hindi_00355.wav,neutral,0,hi_spk04,16000,1,8.0,hindi,sarthwa8,train
audio/hindi_00589.wav,hindi_00589.wav,calm,1,hi_spk07,16000,1,8.0,hindi,sarthwa8,train
audio/hindi_00382.wav,hindi_00382.wav,neutral,0,hi_spk04,16000,1,8.0,hindi,sarthwa8,train
audio/hindi_00810.wav,hindi_00810.wav,sad,3,rapidorc_spk_4,16000,1,8.0,hindi,rapidorc,train
audio/hindi_00424.wav,hindi_00424.wav,calm,1,hi_spk05,16000,1,8.0,hindi,sarthwa8,train
audio/hindi_00828.wav,hindi_00828.wav,sad,3,rapidorc_spk_1,16000,1,8.0,hindi,rapidorc,train
audio/hindi_00535.wav,hindi_00535.wav,neutral,0,hi_spk07,16000,1,8.0,hindi,sarthwa8,train
audio/hindi_00542.wav,hindi_00542.wav,neutral,0,hi_spk07,16000,1,8.0,hindi,sarthwa8,train
audio/hindi_00720.wav,hindi_00720.wav,happy,2,rapidorc_spk_2,16000,1,8.0,hindi,rapidorc,train
audio/hindi_00219.wav,hindi_00219.wav,neutral,0,hi_kahanisuno,16000,1,8.0,hindi,vaani,train
audio/hindi_00116.wav,hindi_00116.wav,neutral,0,hi_kahanisuno,16000,1,7.4,hindi,vaani,train
audio/hindi_00773.wav,hindi_00773.wav,neutral,0,rapidorc_spk_3,16000,1,4.0,hindi,rapidorc,train
audio/hindi_00125.wav,hindi_00125.wav,neutral,0,hi_kahanisuno,16000,1,8.0,hindi,vaani,train
audio/hindi_00099.wav,hindi_00099.wav,angry,4,hi_kahanisuno,16000,1,8.0,hindi,vaani,train
audio/hindi_00385.wav,hindi_00385.wav,neutral,0,hi_spk04,16000,1,8.0,hindi,sarthwa8,train
audio/hindi_00040.wav,hindi_00040.wav,angry,4,hi_kahanisuno,16000,1,6.3,hindi,vaani,train
audio/hindi_00474.wav,hindi_00474.wav,calm,1,hi_spk05,16000,1,8.0,hindi,sarthwa8,train
audio/hindi_00214.wav,hindi_00214.wav,neutral,0,hi_kahanisuno,16000,1,8.0,hindi,vaani,train
audio/hindi_00772.wav,hindi_00772.wav,neutral,0,rapidorc_spk_3,16000,1,8.0,hindi,rapidorc,train
audio/hindi_00532.wav,hindi_00532.wav,neutral,0,hi_spk07,16000,1,7.867,hindi,sarthwa8,train
audio/hindi_00093.wav,hindi_00093.wav,angry,4,hi_kahanisuno,16000,1,8.0,hindi,vaani,train
audio/hindi_00430.wav,hindi_00430.wav,calm,1,hi_spk05,16000,1,8.0,hindi,sarthwa8,train
audio/hindi_00256.wav,hindi_00256.wav,neutral,0,hi_kahanisuno,16000,1,7.5,hindi,vaani,train
audio/hindi_00033.wav,hindi_00033.wav,neutral,0,hi_kahanisuno,16000,1,8.0,hindi,vaani,train
audio/hindi_00546.wav,hindi_00546.wav,neutral,0,hi_spk07,16000,1,8.0,hindi,sarthwa8,train
audio/hindi_00861.wav,hindi_00861.wav,sad,3,rapidorc_spk_4,16000,1,8.0,hindi,rapidorc,train
audio/hindi_00545.wav,hindi_00545.wav,neutral,0,hi_spk07,16000,1,8.0,hindi,sarthwa8,train
audio/hindi_00428.wav,hindi_00428.wav,calm,1,hi_spk05,16000,1,8.0,hindi,sarthwa8,train
audio/hindi_00261.wav,hindi_00261.wav,neutral,0,hi_kahanisuno,16000,1,8.0,hindi,vaani,train
audio/hindi_00830.wav,hindi_00830.wav,sad,3,rapidorc_spk_1,16000,1,8.0,hindi,rapidorc,train
audio/hindi_00174.wav,hindi_00174.wav,sad,3,hi_kahanisuno,16000,1,8.0,hindi,vaani,train
audio/hindi_00601.wav,hindi_00601.wav,angry,4,rapidorc_spk_1,16000,1,8.0,hindi,rapidorc,train
audio/hindi_00239.wav,hindi_00239.wav,neutral,0,hi_kahanisuno,16000,1,8.0,hindi,vaani,train
audio/hindi_00558.wav,hindi_00558.wav,neutral,0,hi_spk07,16000,1,8.0,hindi,sarthwa8,train
audio/hindi_00565.wav,hindi_00565.wav,happy,2,hi_spk07,16000,1,8.0,hindi,sarthwa8,train
audio/hindi_00263.wav,hindi_00263.wav,neutral,0,hi_kahanisuno,16000,1,8.0,hindi,vaani,train
audio/hindi_00538.wav,hindi_00538.wav,neutral,0,hi_spk07,16000,1,8.0,hindi,sarthwa8,train
audio/hindi_00466.wav,hindi_00466.wav,calm,1,hi_spk05,16000,1,8.0,hindi,sarthwa8,train
audio/hindi_00509.wav,hindi_00509.wav,sad,3,hi_spk06,16000,1,8.0,hindi,sarthwa8,train
audio/hindi_00484.wav,hindi_00484.wav,sad,3,hi_spk05,16000,1,8.0,hindi,sarthwa8,train
audio/hindi_00432.wav,hindi_00432.wav,calm,1,hi_spk05,16000,1,8.0,hindi,sarthwa8,train
audio/hindi_00310.wav,hindi_00310.wav,neutral,0,hi_spk01,16000,1,8.0,hindi,sarthwa8,train
audio/hindi_00278.wav,hindi_00278.wav,neutral,0,hi_spk01,16000,1,8.0,hindi,sarthwa8,train
audio/hindi_00763.wav,hindi_00763.wav,neutral,0,rapidorc_spk_2,16000,1,8.0,hindi,rapidorc,train
audio/hindi_00101.wav,hindi_00101.wav,neutral,0,hi_kahanisuno,16000,1,8.0,hindi,vaani,train
audio/hindi_00473.wav,hindi_00473.wav,calm,1,hi_spk05,16000,1,8.0,hindi,sarthwa8,train
audio/hindi_00446.wav,hindi_00446.wav,sad,3,hi_spk05,16000,1,8.0,hindi,sarthwa8,train
audio/hindi_00296.wav,hindi_00296.wav,calm,1,hi_spk02,16000,1,8.0,hindi,sarthwa8,train
audio/hindi_00067.wav,hindi_00067.wav,calm,1,hi_kahanisuno,16000,1,8.0,hindi,vaani,train
audio/hindi_00252.wav,hindi_00252.wav,neutral,0,hi_kahanisuno,16000,1,7.7,hindi,vaani,train
audio/hindi_00855.wav,hindi_00855.wav,sad,3,rapidorc_spk_4,16000,1,8.0,hindi,rapidorc,train
audio/hindi_00283.wav,hindi_00283.wav,calm,1,hi_spk02,16000,1,8.0,hindi,sarthwa8,train
audio/hindi_00768.wav,hindi_00768.wav,neutral,0,rapidorc_spk_3,16000,1,8.0,hindi,rapidorc,train
audio/hindi_00397.wav,hindi_00397.wav,neutral,0,hi_spk04,16000,1,8.0,hindi,sarthwa8,train
audio/hindi_00276.wav,hindi_00276.wav,neutral,0,hi_kahanisuno,16000,1,4.95,hindi,vaani,train
audio/hindi_00361.wav,hindi_00361.wav,neutral,0,hi_spk04,16000,1,8.0,hindi,sarthwa8,train
audio/hindi_00685.wav,hindi_00685.wav,calm,1,rapidorc_spk_2,16000,1,8.0,hindi,rapidorc,train
audio/hindi_00281.wav,hindi_00281.wav,calm,1,hi_spk02,16000,1,8.0,hindi,sarthwa8,train
audio/hindi_00286.wav,hindi_00286.wav,happy,2,hi_spk02,16000,1,8.0,hindi,sarthwa8,train
audio/hindi_00187.wav,hindi_00187.wav,neutral,0,hi_kahanisuno,16000,1,5.4,hindi,vaani,train
audio/hindi_00190.wav,hindi_00190.wav,neutral,0,hi_kahanisuno,16000,1,8.0,hindi,vaani,train
audio/hindi_00346.wav,hindi_00346.wav,neutral,0,hi_spk04,16000,1,7.651,hindi,sarthwa8,train
audio/hindi_00764.wav,hindi_00764.wav,neutral,0,rapidorc_spk_2,16000,1,4.0,hindi,rapidorc,train
audio/hindi_00196.wav,hindi_00196.wav,neutral,0,hi_kahanisuno,16000,1,8.0,hindi,vaani,train
audio/hindi_00523.wav,hindi_00523.wav,sad,3,hi_spk06,16000,1,8.0,hindi,sarthwa8,train
audio/hindi_00822.wav,hindi_00822.wav,sad,3,rapidorc_spk_0,16000,1,8.0,hindi,rapidorc,train
audio/hindi_00062.wav,hindi_00062.wav,sad,3,hi_kahanisuno,16000,1,7.6,hindi,vaani,train
audio/hindi_00295.wav,hindi_00295.wav,calm,1,hi_spk02,16000,1,8.0,hindi,sarthwa8,train
audio/hindi_00503.wav,hindi_00503.wav,neutral,0,hi_spk06,16000,1,8.0,hindi,sarthwa8,train
audio/hindi_00413.wav,hindi_00413.wav,neutral,0,hi_spk04,16000,1,8.0,hindi,sarthwa8,train
audio/hindi_00469.wav,hindi_00469.wav,happy,2,hi_spk05,16000,1,8.0,hindi,sarthwa8,train
audio/hindi_00367.wav,hindi_00367.wav,neutral,0,hi_spk04,16000,1,8.0,hindi,sarthwa8,train
audio/hindi_00331.wav,hindi_00331.wav,angry,4,hi_spk03,16000,1,8.0,hindi,sarthwa8,train
audio/hindi_00566.wav,hindi_00566.wav,happy,2,hi_spk07,16000,1,8.0,hindi,sarthwa8,train
audio/hindi_00350.wav,hindi_00350.wav,calm,1,hi_spk04,16000,1,8.0,hindi,sarthwa8,train
audio/hindi_00175.wav,hindi_00175.wav,sad,3,hi_kahanisuno,16000,1,6.0,hindi,vaani,train
audio/hindi_00056.wav,hindi_00056.wav,neutral,0,hi_kahanisuno,16000,1,8.0,hindi,vaani,train
audio/hindi_00156.wav,hindi_00156.wav,neutral,0,hi_kahanisuno,16000,1,8.0,hindi,vaani,train
audio/hindi_00832.wav,hindi_00832.wav,sad,3,rapidorc_spk_1,16000,1,8.0,hindi,rapidorc,train
audio/hindi_00195.wav,hindi_00195.wav,neutral,0,hi_kahanisuno,16000,1,6.7,hindi,vaani,train
audio/hindi_00043.wav,hindi_00043.wav,neutral,0,hi_kahanisuno,16000,1,8.0,hindi,vaani,train
audio/hindi_00227.wav,hindi_00227.wav,neutral,0,hi_kahanisuno,16000,1,8.0,hindi,vaani,train
audio/hindi_00131.wav,hindi_00131.wav,neutral,0,hi_kahanisuno,16000,1,6.6,hindi,vaani,train
audio/hindi_00336.wav,hindi_00336.wav,sad,3,hi_spk03,16000,1,8.0,hindi,sarthwa8,train
audio/hindi_00782.wav,hindi_00782.wav,neutral,0,rapidorc_spk_4,16000,1,4.0,hindi,rapidorc,train
audio/hindi_00849.wav,hindi_00849.wav,sad,3,rapidorc_spk_3,16000,1,8.0,hindi,rapidorc,train
audio/hindi_00017.wav,hindi_00017.wav,neutral,0,hi_kahanisuno,16000,1,8.0,hindi,vaani,train
audio/hindi_00134.wav,hindi_00134.wav,sad,3,hi_kahanisuno,16000,1,8.0,hindi,vaani,train
audio/hindi_00475.wav,hindi_00475.wav,calm,1,hi_spk05,16000,1,8.0,hindi,sarthwa8,train
audio/hindi_00491.wav,hindi_00491.wav,calm,1,hi_spk05,16000,1,8.0,hindi,sarthwa8,train
audio/hindi_00550.wav,hindi_00550.wav,neutral,0,hi_spk07,16000,1,2.69,hindi,sarthwa8,train
audio/hindi_00244.wav,hindi_00244.wav,neutral,0,hi_kahanisuno,16000,1,6.6,hindi,vaani,train
audio/hindi_00391.wav,hindi_00391.wav,neutral,0,hi_spk04,16000,1,8.0,hindi,sarthwa8,train
audio/hindi_00007.wav,hindi_00007.wav,neutral,0,hi_kahanisuno,16000,1,8.0,hindi,vaani,train
audio/hindi_00804.wav,hindi_00804.wav,neutral,0,rapidorc_spk_2,16000,1,8.0,hindi,rapidorc,train
audio/hindi_00654.wav,hindi_00654.wav,calm,1,rapidorc_spk_3,16000,1,8.0,hindi,rapidorc,train
audio/hindi_00839.wav,hindi_00839.wav,sad,3,rapidorc_spk_2,16000,1,8.0,hindi,rapidorc,train
audio/hindi_00736.wav,hindi_00736.wav,happy,2,rapidorc_spk_3,16000,1,8.0,hindi,rapidorc,train
audio/hindi_00197.wav,hindi_00197.wav,neutral,0,hi_kahanisuno,16000,1,4.7,hindi,vaani,train
audio/hindi_00213.wav,hindi_00213.wav,neutral,0,hi_kahanisuno,16000,1,5.9,hindi,vaani,train
audio/hindi_00479.wav,hindi_00479.wav,calm,1,hi_spk05,16000,1,8.0,hindi,sarthwa8,train
audio/hindi_00798.wav,hindi_00798.wav,neutral,0,rapidorc_spk_1,16000,1,8.0,hindi,rapidorc,train
audio/hindi_00420.wav,hindi_00420.wav,calm,1,hi_spk05,16000,1,8.0,hindi,sarthwa8,train
audio/hindi_00770.wav,hindi_00770.wav,neutral,0,rapidorc_spk_3,16000,1,8.0,hindi,rapidorc,train
audio/hindi_00750.wav,hindi_00750.wav,happy,2,rapidorc_spk_0,16000,1,8.0,hindi,rapidorc,train
audio/hindi_00537.wav,hindi_00537.wav,neutral,0,hi_spk07,16000,1,8.0,hindi,sarthwa8,train
audio/hindi_00144.wav,hindi_00144.wav,neutral,0,hi_kahanisuno,16000,1,8.0,hindi,vaani,train
audio/hindi_00749.wav,hindi_00749.wav,happy,2,rapidorc_spk_0,16000,1,8.0,hindi,rapidorc,train
audio/hindi_00680.wav,hindi_00680.wav,calm,1,rapidorc_spk_1,16000,1,8.0,hindi,rapidorc,train
audio/hindi_00492.wav,hindi_00492.wav,calm,1,hi_spk05,16000,1,8.0,hindi,sarthwa8,train
audio/hindi_00136.wav,hindi_00136.wav,neutral,0,hi_kahanisuno,16000,1,8.0,hindi,vaani,train
audio/hindi_00015.wav,hindi_00015.wav,neutral,0,hi_kahanisuno,16000,1,8.0,hindi,vaani,train
audio/hindi_00402.wav,hindi_00402.wav,neutral,0,hi_spk04,16000,1,8.0,hindi,sarthwa8,train
audio/hindi_00735.wav,hindi_00735.wav,happy,2,rapidorc_spk_3,16000,1,8.0,hindi,rapidorc,train
audio/hindi_00274.wav,hindi_00274.wav,sad,3,hi_kahanisuno,16000,1,7.7,hindi,vaani,train
audio/hindi_00850.wav,hindi_00850.wav,sad,3,rapidorc_spk_3,16000,1,8.0,hindi,rapidorc,train
audio/hindi_00551.wav,hindi_00551.wav,neutral,0,hi_spk07,16000,1,8.0,hindi,sarthwa8,train
audio/hindi_00496.wav,hindi_00496.wav,calm,1,hi_spk05,16000,1,6.696,hindi,sarthwa8,train
audio/hindi_00463.wav,hindi_00463.wav,sad,3,hi_spk05,16000,1,6.395,hindi,sarthwa8,train
audio/hindi_00129.wav,hindi_00129.wav,neutral,0,hi_kahanisuno,16000,1,8.0,hindi,vaani,train
audio/hindi_00829.wav,hindi_00829.wav,sad,3,rapidorc_spk_1,16000,1,8.0,hindi,rapidorc,train
audio/hindi_00237.wav,hindi_00237.wav,angry,4,hi_kahanisuno,16000,1,8.0,hindi,vaani,train
audio/hindi_00657.wav,hindi_00657.wav,calm,1,rapidorc_spk_3,16000,1,8.0,hindi,rapidorc,train
audio/hindi_00198.wav,hindi_00198.wav,sad,3,hi_kahanisuno,16000,1,8.0,hindi,vaani,train
audio/hindi_00220.wav,hindi_00220.wav,neutral,0,hi_kahanisuno,16000,1,7.3,hindi,vaani,train
audio/hindi_00429.wav,hindi_00429.wav,calm,1,hi_spk05,16000,1,8.0,hindi,sarthwa8,train
audio/hindi_00406.wav,hindi_00406.wav,neutral,0,hi_spk04,16000,1,6.464,hindi,sarthwa8,train
audio/hindi_00525.wav,hindi_00525.wav,sad,3,hi_spk06,16000,1,8.0,hindi,sarthwa8,train
audio/hindi_00090.wav,hindi_00090.wav,angry,4,hi_kahanisuno,16000,1,6.2,hindi,vaani,train
audio/hindi_00464.wav,hindi_00464.wav,calm,1,hi_spk05,16000,1,8.0,hindi,sarthwa8,train
audio/hindi_00628.wav,hindi_00628.wav,angry,4,rapidorc_spk_4,16000,1,8.0,hindi,rapidorc,train
audio/hindi_00160.wav,hindi_00160.wav,neutral,0,hi_kahanisuno,16000,1,8.0,hindi,vaani,train
audio/hindi_00495.wav,hindi_00495.wav,calm,1,hi_spk05,16000,1,8.0,hindi,sarthwa8,train
audio/hindi_00580.wav,hindi_00580.wav,neutral,0,hi_spk08,16000,1,8.0,hindi,sarthwa8,train
audio/hindi_00071.wav,hindi_00071.wav,happy,2,hi_kahanisuno,16000,1,8.0,hindi,vaani,train
audio/hindi_00758.wav,hindi_00758.wav,neutral,0,rapidorc_spk_2,16000,1,8.0,hindi,rapidorc,train
audio/hindi_00697.wav,hindi_00697.wav,calm,1,rapidorc_spk_3,16000,1,8.0,hindi,rapidorc,train
audio/hindi_00634.wav,hindi_00634.wav,angry,4,rapidorc_spk_0,16000,1,8.0,hindi,rapidorc,train
audio/hindi_00624.wav,hindi_00624.wav,angry,4,rapidorc_spk_4,16000,1,8.0,hindi,rapidorc,train
audio/hindi_00259.wav,hindi_00259.wav,angry,4,hi_kahanisuno,16000,1,8.0,hindi,vaani,train
audio/hindi_00700.wav,hindi_00700.wav,calm,1,rapidorc_spk_3,16000,1,8.0,hindi,rapidorc,train
audio/hindi_00651.wav,hindi_00651.wav,calm,1,rapidorc_spk_3,16000,1,8.0,hindi,rapidorc,train
audio/hindi_00471.wav,hindi_00471.wav,happy,2,hi_spk05,16000,1,8.0,hindi,sarthwa8,train
audio/hindi_00047.wav,hindi_00047.wav,neutral,0,hi_kahanisuno,16000,1,8.0,hindi,vaani,train
audio/hindi_00574.wav,hindi_00574.wav,sad,3,hi_spk07,16000,1,8.0,hindi,sarthwa8,train
audio/hindi_00705.wav,hindi_00705.wav,happy,2,rapidorc_spk_0,16000,1,8.0,hindi,rapidorc,train
audio/hindi_00511.wav,hindi_00511.wav,sad,3,hi_spk06,16000,1,8.0,hindi,sarthwa8,train
audio/hindi_00316.wav,hindi_00316.wav,calm,1,hi_spk03,16000,1,8.0,hindi,sarthwa8,train
audio/hindi_00173.wav,hindi_00173.wav,angry,4,hi_kahanisuno,16000,1,8.0,hindi,vaani,train
audio/hindi_00052.wav,hindi_00052.wav,neutral,0,hi_kahanisuno,16000,1,6.1,hindi,vaani,train
audio/hindi_00522.wav,hindi_00522.wav,sad,3,hi_spk06,16000,1,8.0,hindi,sarthwa8,train
audio/hindi_00543.wav,hindi_00543.wav,neutral,0,hi_spk07,16000,1,8.0,hindi,sarthwa8,train
audio/hindi_00306.wav,hindi_00306.wav,sad,3,hi_spk02,16000,1,8.0,hindi,sarthwa8,train
audio/hindi_00423.wav,hindi_00423.wav,calm,1,hi_spk05,16000,1,8.0,hindi,sarthwa8,train
audio/hindi_00556.wav,hindi_00556.wav,neutral,0,hi_spk07,16000,1,8.0,hindi,sarthwa8,train
audio/hindi_00859.wav,hindi_00859.wav,sad,3,rapidorc_spk_4,16000,1,8.0,hindi,rapidorc,train
audio/hindi_00140.wav,hindi_00140.wav,angry,4,hi_kahanisuno,16000,1,8.0,hindi,vaani,train
audio/hindi_00109.wav,hindi_00109.wav,sad,3,hi_kahanisuno,16000,1,8.0,hindi,vaani,train
audio/hindi_00842.wav,hindi_00842.wav,sad,3,rapidorc_spk_2,16000,1,8.0,hindi,rapidorc,train
audio/hindi_00710.wav,hindi_00710.wav,happy,2,rapidorc_spk_0,16000,1,4.0,hindi,rapidorc,train
audio/hindi_00138.wav,hindi_00138.wav,neutral,0,hi_kahanisuno,16000,1,8.0,hindi,vaani,train
audio/hindi_00552.wav,hindi_00552.wav,neutral,0,hi_spk07,16000,1,8.0,hindi,sarthwa8,train
audio/hindi_00147.wav,hindi_00147.wav,neutral,0,hi_kahanisuno,16000,1,7.4,hindi,vaani,train
audio/hindi_00225.wav,hindi_00225.wav,neutral,0,hi_kahanisuno,16000,1,8.0,hindi,vaani,train
audio/hindi_00356.wav,hindi_00356.wav,neutral,0,hi_spk04,16000,1,3.64,hindi,sarthwa8,train
audio/hindi_00729.wav,hindi_00729.wav,happy,2,rapidorc_spk_3,16000,1,8.0,hindi,rapidorc,train
audio/hindi_00270.wav,hindi_00270.wav,angry,4,hi_kahanisuno,16000,1,7.4,hindi,vaani,train
audio/hindi_00381.wav,hindi_00381.wav,neutral,0,hi_spk04,16000,1,8.0,hindi,sarthwa8,train
audio/hindi_00165.wav,hindi_00165.wav,sad,3,hi_kahanisuno,16000,1,6.6,hindi,vaani,train
audio/hindi_00854.wav,hindi_00854.wav,sad,3,rapidorc_spk_4,16000,1,8.0,hindi,rapidorc,train
audio/hindi_00775.wav,hindi_00775.wav,neutral,0,rapidorc_spk_4,16000,1,8.0,hindi,rapidorc,train
audio/hindi_00573.wav,hindi_00573.wav,calm,1,hi_spk07,16000,1,3.307,hindi,sarthwa8,train
audio/hindi_00564.wav,hindi_00564.wav,happy,2,hi_spk07,16000,1,8.0,hindi,sarthwa8,train
audio/hindi_00048.wav,hindi_00048.wav,neutral,0,hi_kahanisuno,16000,1,8.0,hindi,vaani,train
audio/hindi_00019.wav,hindi_00019.wav,sad,3,hi_kahanisuno,16000,1,8.0,hindi,vaani,train
audio/hindi_00837.wav,hindi_00837.wav,sad,3,rapidorc_spk_2,16000,1,8.0,hindi,rapidorc,train
audio/hindi_00088.wav,hindi_00088.wav,happy,2,hi_kahanisuno,16000,1,6.1,hindi,vaani,train
audio/hindi_00540.wav,hindi_00540.wav,neutral,0,hi_spk07,16000,1,8.0,hindi,sarthwa8,train
audio/hindi_00690.wav,hindi_00690.wav,calm,1,rapidorc_spk_2,16000,1,8.0,hindi,rapidorc,train
audio/hindi_00419.wav,hindi_00419.wav,calm,1,hi_spk05,16000,1,8.0,hindi,sarthwa8,train
audio/hindi_00368.wav,hindi_00368.wav,neutral,0,hi_spk04,16000,1,8.0,hindi,sarthwa8,train
audio/hindi_00724.wav,hindi_00724.wav,happy,2,rapidorc_spk_2,16000,1,8.0,hindi,rapidorc,train
audio/hindi_00089.wav,hindi_00089.wav,angry,4,hi_kahanisuno,16000,1,8.0,hindi,vaani,train
audio/hindi_00360.wav,hindi_00360.wav,neutral,0,hi_spk04,16000,1,5.864,hindi,sarthwa8,train
audio/hindi_00614.wav,hindi_00614.wav,angry,4,rapidorc_spk_3,16000,1,8.0,hindi,rapidorc,train
audio/hindi_00648.wav,hindi_00648.wav,angry,4,rapidorc_spk_1,16000,1,8.0,hindi,rapidorc,train
audio/hindi_00204.wav,hindi_00204.wav,neutral,0,hi_kahanisuno,16000,1,8.0,hindi,vaani,train
audio/hindi_00229.wav,hindi_00229.wav,neutral,0,hi_kahanisuno,16000,1,8.0,hindi,vaani,train
audio/hindi_00787.wav,hindi_00787.wav,neutral,0,rapidorc_spk_0,16000,1,8.0,hindi,rapidorc,train
audio/hindi_00738.wav,hindi_00738.wav,happy,2,rapidorc_spk_4,16000,1,8.0,hindi,rapidorc,train
audio/hindi_00223.wav,hindi_00223.wav,calm,1,hi_kahanisuno,16000,1,8.0,hindi,vaani,train
audio/hindi_00265.wav,hindi_00265.wav,angry,4,hi_kahanisuno,16000,1,8.0,hindi,vaani,train
audio/hindi_00831.wav,hindi_00831.wav,sad,3,rapidorc_spk_1,16000,1,8.0,hindi,rapidorc,train
audio/hindi_00151.wav,hindi_00151.wav,sad,3,hi_kahanisuno,16000,1,7.8,hindi,vaani,train
audio/hindi_00087.wav,hindi_00087.wav,happy,2,hi_kahanisuno,16000,1,8.0,hindi,vaani,train
audio/hindi_00802.wav,hindi_00802.wav,neutral,0,rapidorc_spk_2,16000,1,8.0,hindi,rapidorc,train
audio/hindi_00146.wav,hindi_00146.wav,neutral,0,hi_kahanisuno,16000,1,8.0,hindi,vaani,train
audio/hindi_00066.wav,hindi_00066.wav,neutral,0,hi_kahanisuno,16000,1,6.8,hindi,vaani,train
audio/hindi_00057.wav,hindi_00057.wav,neutral,0,hi_kahanisuno,16000,1,8.0,hindi,vaani,train
audio/hindi_00788.wav,hindi_00788.wav,neutral,0,rapidorc_spk_0,16000,1,8.0,hindi,rapidorc,train
audio/hindi_00177.wav,hindi_00177.wav,sad,3,hi_kahanisuno,16000,1,7.9,hindi,vaani,train
audio/hindi_00674.wav,hindi_00674.wav,calm,1,rapidorc_spk_0,16000,1,8.0,hindi,rapidorc,train
audio/hindi_00612.wav,hindi_00612.wav,angry,4,rapidorc_spk_2,16000,1,8.0,hindi,rapidorc,train
audio/hindi_00233.wav,hindi_00233.wav,neutral,0,hi_kahanisuno,16000,1,8.0,hindi,vaani,train
audio/hindi_00280.wav,hindi_00280.wav,calm,1,hi_spk02,16000,1,8.0,hindi,sarthwa8,train
audio/hindi_00308.wav,hindi_00308.wav,sad,3,hi_spk02,16000,1,8.0,hindi,sarthwa8,train
audio/hindi_00844.wav,hindi_00844.wav,sad,3,rapidorc_spk_2,16000,1,8.0,hindi,rapidorc,train
audio/hindi_00636.wav,hindi_00636.wav,angry,4,rapidorc_spk_0,16000,1,8.0,hindi,rapidorc,train
audio/hindi_00622.wav,hindi_00622.wav,angry,4,rapidorc_spk_3,16000,1,4.0,hindi,rapidorc,train
audio/hindi_00427.wav,hindi_00427.wav,calm,1,hi_spk05,16000,1,8.0,hindi,sarthwa8,train
audio/hindi_00238.wav,hindi_00238.wav,angry,4,hi_kahanisuno,16000,1,8.0,hindi,vaani,train
audio/hindi_00561.wav,hindi_00561.wav,neutral,0,hi_spk07,16000,1,8.0,hindi,sarthwa8,train
audio/hindi_00118.wav,hindi_00118.wav,neutral,0,hi_kahanisuno,16000,1,7.0,hindi,vaani,train
audio/hindi_00715.wav,hindi_00715.wav,happy,2,rapidorc_spk_1,16000,1,8.0,hindi,rapidorc,train
audio/hindi_00752.wav,hindi_00752.wav,happy,2,rapidorc_spk_0,16000,1,8.0,hindi,rapidorc,train
audio/hindi_00618.wav,hindi_00618.wav,angry,4,rapidorc_spk_3,16000,1,8.0,hindi,rapidorc,train
audio/hindi_00228.wav,hindi_00228.wav,neutral,0,hi_kahanisuno,16000,1,7.5,hindi,vaani,train
audio/hindi_00132.wav,hindi_00132.wav,neutral,0,hi_kahanisuno,16000,1,8.0,hindi,vaani,train
audio/hindi_00389.wav,hindi_00389.wav,neutral,0,hi_spk04,16000,1,8.0,hindi,sarthwa8,train
audio/hindi_00124.wav,hindi_00124.wav,neutral,0,hi_kahanisuno,16000,1,6.0,hindi,vaani,train
audio/hindi_00320.wav,hindi_00320.wav,neutral,0,hi_spk03,16000,1,8.0,hindi,sarthwa8,train
audio/hindi_00520.wav,hindi_00520.wav,sad,3,hi_spk06,16000,1,8.0,hindi,sarthwa8,train
audio/hindi_00042.wav,hindi_00042.wav,neutral,0,hi_kahanisuno,16000,1,7.6,hindi,vaani,train
audio/hindi_00713.wav,hindi_00713.wav,happy,2,rapidorc_spk_1,16000,1,8.0,hindi,rapidorc,train
audio/hindi_00435.wav,hindi_00435.wav,calm,1,hi_spk05,16000,1,8.0,hindi,sarthwa8,train
audio/hindi_00380.wav,hindi_00380.wav,neutral,0,hi_spk04,16000,1,8.0,hindi,sarthwa8,train
audio/hindi_00076.wav,hindi_00076.wav,neutral,0,hi_kahanisuno,16000,1,6.9,hindi,vaani,train
audio/hindi_00489.wav,hindi_00489.wav,calm,1,hi_spk05,16000,1,8.0,hindi,sarthwa8,train
audio/hindi_00137.wav,hindi_00137.wav,neutral,0,hi_kahanisuno,16000,1,6.4,hindi,vaani,train
audio/hindi_00610.wav,hindi_00610.wav,angry,4,rapidorc_spk_2,16000,1,8.0,hindi,rapidorc,train
audio/hindi_00819.wav,hindi_00819.wav,sad,3,rapidorc_spk_0,16000,1,8.0,hindi,rapidorc,train
audio/hindi_00585.wav,hindi_00585.wav,calm,1,hi_spk07,16000,1,8.0,hindi,sarthwa8,train
audio/hindi_00702.wav,hindi_00702.wav,happy,2,rapidorc_spk_0,16000,1,8.0,hindi,rapidorc,train
audio/hindi_00208.wav,hindi_00208.wav,angry,4,hi_kahanisuno,16000,1,8.0,hindi,vaani,train
audio/hindi_00184.wav,hindi_00184.wav,sad,3,hi_kahanisuno,16000,1,8.0,hindi,vaani,train
audio/hindi_00781.wav,hindi_00781.wav,neutral,0,rapidorc_spk_4,16000,1,8.0,hindi,rapidorc,train
audio/hindi_00210.wav,hindi_00210.wav,neutral,0,hi_kahanisuno,16000,1,8.0,hindi,vaani,train
audio/hindi_00515.wav,hindi_00515.wav,neutral,0,hi_spk06,16000,1,8.0,hindi,sarthwa8,train
audio/hindi_00689.wav,hindi_00689.wav,calm,1,rapidorc_spk_2,16000,1,8.0,hindi,rapidorc,train
audio/hindi_00353.wav,hindi_00353.wav,neutral,0,hi_spk04,16000,1,8.0,hindi,sarthwa8,train
audio/hindi_00384.wav,hindi_00384.wav,neutral,0,hi_spk04,16000,1,8.0,hindi,sarthwa8,train
audio/hindi_00024.wav,hindi_00024.wav,neutral,0,hi_kahanisuno,16000,1,8.0,hindi,vaani,train
audio/hindi_00641.wav,hindi_00641.wav,angry,4,rapidorc_spk_1,16000,1,8.0,hindi,rapidorc,train
audio/hindi_00112.wav,hindi_00112.wav,neutral,0,hi_kahanisuno,16000,1,7.3,hindi,vaani,train
audio/hindi_00102.wav,hindi_00102.wav,neutral,0,hi_kahanisuno,16000,1,6.4,hindi,vaani,train
audio/hindi_00236.wav,hindi_00236.wav,neutral,0,hi_kahanisuno,16000,1,7.7,hindi,vaani,train
audio/hindi_00662.wav,hindi_00662.wav,calm,1,rapidorc_spk_4,16000,1,8.0,hindi,rapidorc,train
audio/hindi_00293.wav,hindi_00293.wav,sad,3,hi_spk02,16000,1,8.0,hindi,sarthwa8,train
audio/hindi_00128.wav,hindi_00128.wav,neutral,0,hi_kahanisuno,16000,1,5.8,hindi,vaani,train
audio/hindi_00815.wav,hindi_00815.wav,sad,3,rapidorc_spk_4,16000,1,8.0,hindi,rapidorc,train
audio/hindi_00325.wav,hindi_00325.wav,sad,3,hi_spk03,16000,1,8.0,hindi,sarthwa8,train
audio/hindi_00082.wav,hindi_00082.wav,neutral,0,hi_kahanisuno,16000,1,8.0,hindi,vaani,train
audio/hindi_00290.wav,hindi_00290.wav,sad,3,hi_spk02,16000,1,8.0,hindi,sarthwa8,train
audio/hindi_00441.wav,hindi_00441.wav,sad,3,hi_spk05,16000,1,8.0,hindi,sarthwa8,train
audio/hindi_00029.wav,hindi_00029.wav,happy,2,hi_kahanisuno,16000,1,8.0,hindi,vaani,train
audio/hindi_00396.wav,hindi_00396.wav,neutral,0,hi_spk04,16000,1,8.0,hindi,sarthwa8,train
audio/hindi_00814.wav,hindi_00814.wav,sad,3,rapidorc_spk_4,16000,1,8.0,hindi,rapidorc,train
audio/hindi_00249.wav,hindi_00249.wav,angry,4,hi_kahanisuno,16000,1,8.0,hindi,vaani,train
audio/hindi_00206.wav,hindi_00206.wav,neutral,0,hi_kahanisuno,16000,1,8.0,hindi,vaani,train
audio/hindi_00009.wav,hindi_00009.wav,sad,3,hi_kahanisuno,16000,1,8.0,hindi,vaani,train
audio/hindi_00080.wav,hindi_00080.wav,neutral,0,hi_kahanisuno,16000,1,7.1,hindi,vaani,train
audio/hindi_00600.wav,hindi_00600.wav,angry,4,rapidorc_spk_1,16000,1,8.0,hindi,rapidorc,train
audio/hindi_00785.wav,hindi_00785.wav,neutral,0,rapidorc_spk_0,16000,1,8.0,hindi,rapidorc,train
audio/hindi_00096.wav,hindi_00096.wav,neutral,0,hi_kahanisuno,16000,1,5.7,hindi,vaani,train
audio/hindi_00676.wav,hindi_00676.wav,calm,1,rapidorc_spk_0,16000,1,4.0,hindi,rapidorc,train
audio/hindi_00037.wav,hindi_00037.wav,neutral,0,hi_kahanisuno,16000,1,8.0,hindi,vaani,train
audio/hindi_00727.wav,hindi_00727.wav,happy,2,rapidorc_spk_2,16000,1,8.0,hindi,rapidorc,train
audio/hindi_00354.wav,hindi_00354.wav,neutral,0,hi_spk04,16000,1,8.0,hindi,sarthwa8,train
audio/hindi_00277.wav,hindi_00277.wav,neutral,0,hi_spk01,16000,1,8.0,hindi,sarthwa8,train
audio/hindi_00403.wav,hindi_00403.wav,neutral,0,hi_spk04,16000,1,2.555,hindi,sarthwa8,train
audio/hindi_00218.wav,hindi_00218.wav,neutral,0,hi_kahanisuno,16000,1,6.7,hindi,vaani,train
audio/hindi_00121.wav,hindi_00121.wav,neutral,0,hi_kahanisuno,16000,1,8.0,hindi,vaani,train
audio/hindi_00482.wav,hindi_00482.wav,calm,1,hi_spk05,16000,1,8.0,hindi,sarthwa8,train
audio/hindi_00693.wav,hindi_00693.wav,calm,1,rapidorc_spk_2,16000,1,4.0,hindi,rapidorc,train
audio/hindi_00226.wav,hindi_00226.wav,neutral,0,hi_kahanisuno,16000,1,6.5,hindi,vaani,train
audio/hindi_00468.wav,hindi_00468.wav,calm,1,hi_spk05,16000,1,5.755,hindi,sarthwa8,train
audio/hindi_00780.wav,hindi_00780.wav,neutral,0,rapidorc_spk_4,16000,1,8.0,hindi,rapidorc,train
audio/hindi_00085.wav,hindi_00085.wav,neutral,0,hi_kahanisuno,16000,1,8.0,hindi,vaani,train
audio/hindi_00742.wav,hindi_00742.wav,happy,2,rapidorc_spk_4,16000,1,8.0,hindi,rapidorc,train
audio/hindi_00054.wav,hindi_00054.wav,neutral,0,hi_kahanisuno,16000,1,6.3,hindi,vaani,train
audio/hindi_00339.wav,hindi_00339.wav,calm,1,hi_spk04,16000,1,8.0,hindi,sarthwa8,train
audio/hindi_00644.wav,hindi_00644.wav,angry,4,rapidorc_spk_1,16000,1,8.0,hindi,rapidorc,train
audio/hindi_00606.wav,hindi_00606.wav,angry,4,rapidorc_spk_2,16000,1,8.0,hindi,rapidorc,train
audio/hindi_00457.wav,hindi_00457.wav,calm,1,hi_spk05,16000,1,8.0,hindi,sarthwa8,train
audio/hindi_00157.wav,hindi_00157.wav,neutral,0,hi_kahanisuno,16000,1,7.9,hindi,vaani,train
audio/hindi_00407.wav,hindi_00407.wav,neutral,0,hi_spk04,16000,1,8.0,hindi,sarthwa8,train
audio/hindi_00673.wav,hindi_00673.wav,calm,1,rapidorc_spk_0,16000,1,8.0,hindi,rapidorc,train
