emotion,precision,recall,f1_score,support
anger,0.8235294117647058,0.4666666666666667,0.5957446808510638,30
disgust,1.0,0.13333333333333333,0.23529411764705882,30
fear,0.0,0.0,0.0,30
happiness,0.7368421052631579,0.4666666666666667,0.5714285714285714,30
neutral,0.7058823529411765,1.0,0.8275862068965517,60
sadness,0.7941176470588235,0.9,0.84375,30
surprise,0.37037037037037035,1.0,0.5405405405405406,30
macro avg,0.6329631267711763,0.5666666666666667,0.5163348739091124,240
weighted avg,0.6420780300424264,0.6208333333333333,0.5552412905325423,240
